PRAGMA defer_foreign_keys=TRUE;
CREATE TABLE `users_sessions` (
  	`_order` integer NOT NULL,
  	`_parent_id` integer NOT NULL,
  	`id` text PRIMARY KEY NOT NULL,
  	`created_at` text,
  	`expires_at` text NOT NULL,
  	FOREIGN KEY (`_parent_id`) REFERENCES `users`(`id`) ON UPDATE no action ON DELETE cascade
  );
INSERT INTO "users_sessions" VALUES(1,2,'51d2e2d1-c4b6-443b-a019-b5abaaf3adb1','2025-10-23T06:20:22.734Z','2025-10-23T08:20:22.734Z');
INSERT INTO "users_sessions" VALUES(1,1,'3a54e1bc-6d0a-4653-830d-568b7e3f1e0b','2025-10-23T13:53:56.446Z','2025-10-23T15:53:56.446Z');
CREATE TABLE `users` (
  	`id` integer PRIMARY KEY NOT NULL,
  	`name` text,
  	`updated_at` text DEFAULT (strftime('%Y-%m-%dT%H:%M:%fZ', 'now')) NOT NULL,
  	`created_at` text DEFAULT (strftime('%Y-%m-%dT%H:%M:%fZ', 'now')) NOT NULL,
  	`email` text NOT NULL,
  	`reset_password_token` text,
  	`reset_password_expiration` text,
  	`salt` text,
  	`hash` text,
  	`login_attempts` numeric DEFAULT 0,
  	`lock_until` text
  );
INSERT INTO "users" VALUES(1,'Tom Cox','2025-10-23T13:53:56.446Z','2025-10-10T09:06:04.056Z','tom@playstateprojects.com',NULL,NULL,'356c4ce5bc3451b13ec635d319282d60cf4ad8deec1d7d02d415228be99569ee','123a4c9685a25c305539963d0604fd98c2d59c7b8036b732c075d418ae5a1cf69b7669a224d78c82c16aa8c180efce9927fd5e1bc3f0c35c14168ee8aa801c4e2fe5223253dc0ac114e0f5afc89f8b0729a3734d1e58dcffebb406c24f6c37090164e3d9d6c91db755a822ff33d570b004ff9030eb76310f6e90938f7adb22f4bd04674778a000d8fb24cf78f5ffbe516b9f1a541a359b273a85bb9bf8b0549bb749bab36506fdc1245b9d4920a70efcdfcf62a7b64a503eddb45d9b03e294caccb8c16c02a694c2d51ae9d4d3e293a7787bdabf17850dd1b9ec324ddabd0061c7851fa9b62852ac0e6cc0f94b8daabd97a520dc577cc336828318652e9e20268f22283ca13a4e168463648076fae4f1341c8c8de5f0811104783b432218fbddd80a743e0336c1fd59afbef0b2a51f4a76c3d19ef0a7a6ed8141b8c08046b1bef0dd692d60fa741438e19d203b4f99c468f3de3914f479acea09efc300e9c73bccb0223814084467c3455f50adc82e84f5c94bee14d7ce3d8779139cc09e99154a198d4fcfc203e3ef376fe9cfd49101f2fe6ea69d70da623d1d8fe303830fac8823fe18617f989c8cee8212f45b90409cc5f84db30c7aaf716692b4a872db0de9b2572f942123ae3e0a130c1d4742d4fe1e9735067985618cec25040f317fadb68ac5a09fdbfe33508661b70c7a4b3efa32cfcc87fb7db6b97228f1642d2e60',0,NULL);
INSERT INTO "users" VALUES(2,'Collette Wasielewski','2025-10-23T06:20:22.734Z','2025-10-10T09:06:52.578Z','collette@playstateprojects.com',NULL,NULL,'c65a0e09e8262f1886ab07ffa7c7ed566290be4e90335a5079e013116f2890da','d01cbff1af71922e15d1a4214ae3b6b96cabbd9a8052ab1591ee3bd32fb4404c3938bd36ee1aff528d55c320d907a7c0e7fc91851705b4fbe30d7f8a05e95e73e230b61be016d520e9eb7448c1c5aa3644a236f2eff67a839587ef3b55d996addff26a53ce702c877dea817655722de9d43d940430bcc1c17fd21eef5e39193993268474e5452f9f99a2a1a2e37103525622706cbcdd7f643b22f7784e9139d1657ba048402bd8dd05c7777c0ef79717ea874d1ef628a062a5b279f3188230f84a49dc1ddc540c1eadef71a8cd236307ea28ba3877e7352c8875fdd212ed48b420028f3672233017ffd950370ef0cb73711814bfced0eaae8ef3b9fab0c2d2496ed6a654d5bf5e8ef184c3f28899d6366de4c92cc67e404ddc18b5e946658f7f7a67b4fe7f40eff7992a7dc6c6b2999bdb3b0781c5c8033990d3142d5a180105d63b6bd511851b1ebca6e8b9f98d7da38da8c4159b6996a672e59ed5231aed1461aeb5c6e0f532e3fdfc4293d130fb51c4c30be8214c018210d7a84a22ed254afbaddd618c136050b962cf80a7f41d90e59b9f740b66ca5e72a65298724012e3e95c652a10849e2990fbd8fca0ccbfd09cd1762212fef30a119e3ff3f02919cb2fae761975de465a55cb9bccc7c177cac0bed176226784b8bf109e22ab8988881382eb361692a4f15bebe5b3eb531ddf39c1962fb31fd29f2cf1784bd78ccab9',0,NULL);
CREATE TABLE `media` (
  	`id` integer PRIMARY KEY NOT NULL,
  	`alt` text NOT NULL,
  	`updated_at` text DEFAULT (strftime('%Y-%m-%dT%H:%M:%fZ', 'now')) NOT NULL,
  	`created_at` text DEFAULT (strftime('%Y-%m-%dT%H:%M:%fZ', 'now')) NOT NULL,
  	`url` text,
  	`thumbnail_u_r_l` text,
  	`filename` text,
  	`mime_type` text,
  	`filesize` numeric,
  	`width` numeric,
  	`height` numeric
  );
INSERT INTO "media" VALUES(1,'Wild Bennie','2025-10-10T09:08:18.168Z','2025-10-10T09:08:18.168Z',NULL,NULL,'wild_benie.png','image/png',185978,1080,1080);
INSERT INTO "media" VALUES(2,'Lebensraum','2025-10-10T09:09:28.938Z','2025-10-10T09:09:28.938Z',NULL,NULL,'Lebensraum_fuer_Wildbienen_Nisthile_Haldenegg.jpg','image/jpeg',345863,1600,810);
INSERT INTO "media" VALUES(3,'Herbst-home','2025-10-14T08:06:29.134Z','2025-10-14T08:06:29.134Z',NULL,NULL,'ChatGPT Image Sep 25, 2025, 05_01_03 AM 1.png','image/png',359114,522,523);
INSERT INTO "media" VALUES(4,'BeeHome Observer Schublade','2025-10-15T13:10:21.332Z','2025-10-15T13:10:21.332Z',NULL,NULL,'BeeHome_Observer_Schublade_1_5614cb05-de9b-47b1-90af-a71c02f970f7_480x480.png','image/png',255128,480,322);
INSERT INTO "media" VALUES(5,'Lebenszyklus Mauerbiene Ausschnitt Nistrohrchen','2025-10-15T13:11:06.633Z','2025-10-15T13:11:06.633Z',NULL,NULL,'Lebenszyklus_Mauerbiene_Ausschnitt_Nistrohrchen_480x480.jpg','image/jpeg',24249,480,232);
INSERT INTO "media" VALUES(6,'BeeHome on outside wall','2025-10-15T13:11:31.328Z','2025-10-15T13:11:31.328Z',NULL,NULL,'credit_Jennaminnie_1_520x500_8cfa31b2-c7be-41e8-b94a-d1bc6861988e_480x480.jpg','image/jpeg',60596,360,480);
INSERT INTO "media" VALUES(7,'Offene Nistrohre mit Kokons der Roten Mauerbiene','2025-10-15T13:11:58.795Z','2025-10-15T13:11:58.795Z',NULL,NULL,'Offene_Nistrohre_mit_Kokons_der_Roten_Mauerbiene_480x480.jpg','image/jpeg',17710,320,480);
INSERT INTO "media" VALUES(8,'Osmia cornuta im Kokon','2025-10-15T13:12:18.477Z','2025-10-15T13:12:18.477Z',NULL,NULL,'Osmia_cornuta_im_Kokon_2_copie_480x480.jpg','image/jpeg',34735,480,320);
INSERT INTO "media" VALUES(9,'Winter Wald','2025-10-15T13:15:20.071Z','2025-10-15T13:15:20.071Z',NULL,NULL,'Wie_Mauerbienen_in_deinem_BeeHome_Bienenhotel_uberwintern_Winterschlaf_im_Bienenhotel_2890x.jpg','image/jpeg',2770017,2890,3347);
INSERT INTO "media" VALUES(10,'BeeHome Pflege','2025-10-15T13:48:11.183Z','2025-10-15T13:48:11.183Z',NULL,NULL,'Mach_dein_BeeHome_fit_fur_den_Winter_2890x.webp','image/webp',299250,2890,2138);
INSERT INTO "media" VALUES(11,'BeeHome with autumn leaves','2025-10-15T20:37:30.929Z','2025-10-15T20:36:26.928Z','/api/media/file/BeeCare%20BeeHome%20Image.png',NULL,'BeeCare BeeHome Image-1.png','image/png',49743,174,174);
INSERT INTO "media" VALUES(12,'Bee Warm','2025-10-15T20:36:48.011Z','2025-10-15T20:36:48.011Z',NULL,NULL,'ChatGPT Image Oct 1, 2025, 05_23_43 AM 1.png','image/png',47808,193,193);
INSERT INTO "media" VALUES(13,'Bee Warm','2025-10-15T20:38:27.412Z','2025-10-15T20:38:27.412Z',NULL,NULL,'BeeCare Badge.png','image/png',73035,339,340);
INSERT INTO "media" VALUES(14,'BeeHome with autumn leaves','2025-10-23T04:23:08.801Z','2025-10-15T20:50:13.528Z','https://cms.beehome.net/api/media/file/BeeCare%20BeeHome%20Image.png',NULL,'Autumn BeeHome.png','image/png',156616,348,348);
INSERT INTO "media" VALUES(15,'Beehome','2025-10-19T10:11:37.348Z','2025-10-19T10:11:37.348Z',NULL,NULL,'Gescannt_20241024-2109-12.jpg','image/jpeg',1029925,1997,2435);
INSERT INTO "media" VALUES(16,'Lady in the garden','2025-10-23T04:14:34.131Z','2025-10-23T04:14:34.131Z',NULL,NULL,'ChatGPT Image Oct 22, 2025, 09_46_35 AM.png','image/png',1720484,1024,1024);
INSERT INTO "media" VALUES(17,'balcony','2025-10-23T04:15:14.467Z','2025-10-23T04:15:14.467Z',NULL,NULL,'ChatGPT Image Oct 22, 2025, 09_50_57 AM.png','image/png',1762828,1024,1024);
INSERT INTO "media" VALUES(18,'Roof Garden','2025-10-23T04:19:18.526Z','2025-10-23T04:19:18.526Z',NULL,NULL,'ChatGPT Image Oct 23, 2025, 06_18_49 AM.png','image/png',1915990,1024,1024);
INSERT INTO "media" VALUES(19,'Community Garden','2025-10-23T04:20:13.504Z','2025-10-23T04:20:13.504Z',NULL,NULL,'ChatGPT Image Oct 22, 2025, 09_11_28 AM.png','image/png',1750199,1024,1024);
INSERT INTO "media" VALUES(20,'Community Garden','2025-10-23T05:04:08.760Z','2025-10-23T05:04:08.760Z',NULL,NULL,'ChatGPT Image Oct 23, 2025, 07_03_50 AM.png','image/png',1700323,1024,1024);
INSERT INTO "media" VALUES(21,'BeeHome nesting tube with leaves','2025-10-23T06:21:16.427Z','2025-10-23T06:21:16.427Z',NULL,NULL,'BeeHome Tube Neutral.png','image/png',114819,348,348);
CREATE TABLE `push_notifications` (
  	`id` integer PRIMARY KEY NOT NULL,
  	`image_id` integer,
  	`publish_date` text,
  	`schedule` numeric DEFAULT 365,
  	`limmit` numeric DEFAULT 999,
  	"slug" text NOT NULL,
  	`updated_at` text DEFAULT (strftime('%Y-%m-%dT%H:%M:%fZ', 'now')) NOT NULL,
  	`created_at` text DEFAULT (strftime('%Y-%m-%dT%H:%M:%fZ', 'now')) NOT NULL, end_date text, `all_users` integer,
  	FOREIGN KEY (`image_id`) REFERENCES `media`(`id`) ON UPDATE no action ON DELETE set null
  );
INSERT INTO "push_notifications" VALUES(3,NULL,'2025-10-13T13:58:21.118Z',365,999,'72d9bab7-e4c3-42a1-85ca-3cc299a5861f','2025-10-13T14:02:36.291Z','2025-10-13T13:59:03.625Z',NULL,NULL);
INSERT INTO "push_notifications" VALUES(4,NULL,'2025-10-13T15:53:42.609Z',365,999,'a5b3b0ec-4b30-400f-a8cf-17e6b8c310fe','2025-10-13T15:59:12.471Z','2025-10-13T15:59:12.471Z',NULL,NULL);
INSERT INTO "push_notifications" VALUES(5,1,'2025-10-14T13:57:39.545Z',365,999,'1234','2025-10-14T13:57:57.261Z','2025-10-14T13:57:55.314Z',NULL,NULL);
INSERT INTO "push_notifications" VALUES(6,NULL,'2025-10-15T13:20:09.507Z',365,999,'b99c8a92-617a-431d-a5cf-ff5f6290efb2','2025-10-15T13:23:29.787Z','2025-10-15T13:20:54.043Z',NULL,NULL);
INSERT INTO "push_notifications" VALUES(7,NULL,'2025-10-16T07:41:36.092Z',365,999,'75edf016-cfbd-47dd-9b5d-efb009cc4886','2025-10-16T07:43:06.166Z','2025-10-16T07:42:59.983Z',NULL,NULL);
CREATE TABLE `push_notifications_locales` (
  	`title` text NOT NULL,
  	`message` text NOT NULL,
  	`id` integer PRIMARY KEY NOT NULL,
  	`_locale` text NOT NULL,
  	`_parent_id` integer NOT NULL,
  	FOREIGN KEY (`_parent_id`) REFERENCES `push_notifications`(`id`) ON UPDATE no action ON DELETE cascade
  );
INSERT INTO "push_notifications_locales" VALUES('🛠️ Time to check your BeeHome','Is your BeeHome ready for winter? We''ll show you what needs taking care of.',7,'en',3);
INSERT INTO "push_notifications_locales" VALUES('🛠️ Vérification BeeHome','Votre BeeHome est-il prêt pour l''hiver ? Nous vous montrons ce qu''il faut faire.',8,'fr',3);
INSERT INTO "push_notifications_locales" VALUES('🛠️ BeeHome-Checkzeit','Ist dein BeeHome bereit für den Winter? Wir zeigen dir, was zu tun ist.',9,'de',3);
INSERT INTO "push_notifications_locales" VALUES('Test 5','This is a push',10,'en',4);
INSERT INTO "push_notifications_locales" VALUES('test','foo',11,'en',5);
INSERT INTO "push_notifications_locales" VALUES('test','foo',12,'de',5);
INSERT INTO "push_notifications_locales" VALUES('💤 How Mason Bees Sleep','In their cocoons, with antifreeze! Read more facts about their winter slumber.',13,'en',6);
INSERT INTO "push_notifications_locales" VALUES('💤 Comment dorment les abeilles maçonnes','Dans un cocon, avec antigel ! Découvrez leur miracle hivernal.',14,'fr',6);
INSERT INTO "push_notifications_locales" VALUES('💤 So schlafen Mauerbienen','Im Kokon, mit Frostschutz! Lerne mehr über ihr Winterwunder.',15,'de',6);
INSERT INTO "push_notifications_locales" VALUES('🍂 Leave the leaves','Leaves are not waste, but winter quarters for bees, butterflies, and beetles.',16,'en',7);
INSERT INTO "push_notifications_locales" VALUES('🍂 Laisse les feuilles au sol','Les feuilles ne sont pas des déchets, mais des quartiers d''hiver pour les abeilles, les papillons et les coléoptères.',17,'fr',7);
INSERT INTO "push_notifications_locales" VALUES('🍂 Lass das Laub liegen','Blätter sind kein Abfall, sondern Winterquartiere für Bienen, Schmetterlinge und Käfer.',18,'de',7);
CREATE TABLE `space_types` (
  	`id` integer PRIMARY KEY NOT NULL,
  	"slug" text NOT NULL,
  	`sort` numeric DEFAULT 0,
  	`active` integer DEFAULT true,
  	`updated_at` text DEFAULT (strftime('%Y-%m-%dT%H:%M:%fZ', 'now')) NOT NULL,
  	`created_at` text DEFAULT (strftime('%Y-%m-%dT%H:%M:%fZ', 'now')) NOT NULL
  , `default_image_id` integer REFERENCES media(id));
INSERT INTO "space_types" VALUES(1,'balcony',0,1,'2025-10-23T04:15:21.177Z','2025-10-10T09:41:03.637Z',17);
INSERT INTO "space_types" VALUES(2,'roof',0,1,'2025-10-23T04:19:22.574Z','2025-10-19T19:15:44.992Z',18);
INSERT INTO "space_types" VALUES(3,'garden',0,1,'2025-10-23T04:14:38.824Z','2025-10-20T17:57:50.073Z',16);
INSERT INTO "space_types" VALUES(4,'community',0,1,'2025-10-23T04:27:30.438Z','2025-10-21T16:54:39.164Z',19);
CREATE TABLE `space_types_locales` (
  	`label` text NOT NULL,
  	`description` text,
  	`id` integer PRIMARY KEY NOT NULL,
  	`_locale` text NOT NULL,
  	`_parent_id` integer NOT NULL,
  	FOREIGN KEY (`_parent_id`) REFERENCES `space_types`(`id`) ON UPDATE no action ON DELETE cascade
  );
INSERT INTO "space_types_locales" VALUES('Garden','Just a garden',13,'en',3);
INSERT INTO "space_types_locales" VALUES('Jardin','Juste un jardin',14,'fr',3);
INSERT INTO "space_types_locales" VALUES('Garten','Nur ein Garten',15,'de',3);
INSERT INTO "space_types_locales" VALUES('Balcony',NULL,16,'en',1);
INSERT INTO "space_types_locales" VALUES('Balcon','',17,'fr',1);
INSERT INTO "space_types_locales" VALUES('Balkon','',18,'de',1);
INSERT INTO "space_types_locales" VALUES('Roof Garden','Roof gardens.',19,'en',2);
INSERT INTO "space_types_locales" VALUES('Jardin sur le toit','Jardins sur les toits.',20,'fr',2);
INSERT INTO "space_types_locales" VALUES('Dachgarten','Dachgärten.',21,'de',2);
INSERT INTO "space_types_locales" VALUES('Community Garden','Community gardens are the best',22,'en',4);
INSERT INTO "space_types_locales" VALUES('🗺️ Jardin Communautaire','Les jardins communautaires sont les meilleurs',23,'fr',4);
INSERT INTO "space_types_locales" VALUES('🗺️ Gemeinschaftsgarten','Gemeinschaftsgärten sind die besten',24,'de',4);
CREATE TABLE `commitments_locales` (
  	`title` text NOT NULL,
  	`description` text,
  	`id` integer PRIMARY KEY NOT NULL,
  	`_locale` text NOT NULL,
  	`_parent_id` integer NOT NULL,
  	FOREIGN KEY (`_parent_id`) REFERENCES `commitments`(`id`) ON UPDATE no action ON DELETE cascade
  );
INSERT INTO "commitments_locales" VALUES('Leave Leaves on the ground','Don''t rake up autumn leaves',7,'en',2);
INSERT INTO "commitments_locales" VALUES('Laissez les feuilles au sol','Ne ratissez pas les feuilles d''automne',8,'fr',2);
INSERT INTO "commitments_locales" VALUES('Lass die Blätter auf dem Boden liegen','Harke die Herbstblätter nicht zusammen',9,'de',2);
INSERT INTO "commitments_locales" VALUES('Provide nesting sites','Beehomes',10,'en',4);
INSERT INTO "commitments_locales" VALUES('Fournir des sites de nidification','Maisons d''abeilles',11,'fr',4);
INSERT INTO "commitments_locales" VALUES('Nistplätze bereitstellen','Bienenhäuser',12,'de',4);
INSERT INTO "commitments_locales" VALUES('Don''t mow the lawn!','Just don''t do it.',13,'en',5);
INSERT INTO "commitments_locales" VALUES('Ne tondez pas la pelouse !','Ne le faites tout simplement pas.',14,'fr',5);
INSERT INTO "commitments_locales" VALUES('Mähen Sie den Rasen nicht!','Tun Sie es einfach nicht.',15,'de',5);
INSERT INTO "commitments_locales" VALUES('No Pesticides','Don''t use any pesticides.',16,'en',3);
INSERT INTO "commitments_locales" VALUES('Pas de Pesticides','N''utilisez aucun pesticide.',17,'fr',3);
INSERT INTO "commitments_locales" VALUES('Keine Pestizide','Verwenden Sie keine Pestizide.',18,'de',3);
CREATE TABLE `commitments_rels` (
  	`id` integer PRIMARY KEY NOT NULL,
  	`order` integer,
  	`parent_id` integer NOT NULL,
  	`path` text NOT NULL,
  	`space_types_id` integer,
  	FOREIGN KEY (`parent_id`) REFERENCES `commitments`(`id`) ON UPDATE no action ON DELETE cascade,
  	FOREIGN KEY (`space_types_id`) REFERENCES `space_types`(`id`) ON UPDATE no action ON DELETE cascade
  );
INSERT INTO "commitments_rels" VALUES(7,1,2,'space_types',3);
INSERT INTO "commitments_rels" VALUES(8,2,2,'space_types',2);
INSERT INTO "commitments_rels" VALUES(9,1,4,'space_types',1);
INSERT INTO "commitments_rels" VALUES(10,2,4,'space_types',2);
INSERT INTO "commitments_rels" VALUES(11,3,4,'space_types',3);
INSERT INTO "commitments_rels" VALUES(12,1,5,'space_types',3);
INSERT INTO "commitments_rels" VALUES(13,1,3,'space_types',1);
INSERT INTO "commitments_rels" VALUES(14,2,3,'space_types',2);
INSERT INTO "commitments_rels" VALUES(15,3,3,'space_types',3);
INSERT INTO "commitments_rels" VALUES(16,4,3,'space_types',4);
CREATE TABLE `articles` (
  	`id` integer PRIMARY KEY NOT NULL,
  	`slug` text,
  	`hero_image_id` integer,
  	`publish_date` text,
  	`author` text,
  	`review_status` text,
  	`updated_at` text DEFAULT (strftime('%Y-%m-%dT%H:%M:%fZ', 'now')) NOT NULL,
  	`created_at` text DEFAULT (strftime('%Y-%m-%dT%H:%M:%fZ', 'now')) NOT NULL, `action_button_link` text, `_status` text DEFAULT 'draft',
  	FOREIGN KEY (`hero_image_id`) REFERENCES `media`(`id`) ON UPDATE no action ON DELETE set null
  );
INSERT INTO "articles" VALUES(1,'why-are-habitats-for-pollinators-shrinking',2,'2025-10-10T09:08:38.149Z','Tom Cox',NULL,'2025-10-10T09:10:12.643Z','2025-10-10T09:09:37.304Z',NULL,'draft');
INSERT INTO "articles" VALUES(2,'wie-uberwintern-wildbienen-5-interessante-fakten-zum-winterschlaf',9,'2025-10-15T13:06:58.022Z','Collette Wasielewski',NULL,'2025-10-15T13:16:25.389Z','2025-10-15T13:15:24.157Z',NULL,'draft');
INSERT INTO "articles" VALUES(3,'so-bleibt-dein-beehome-gesund-schritt-fur-schritt',10,'2025-10-15T13:38:57.392Z','Collette Wasielewski',NULL,'2025-10-15T13:48:13.405Z','2025-10-15T13:48:13.405Z',NULL,'draft');
INSERT INTO "articles" VALUES(4,'test-styling',5,'2025-10-16T09:45:53.009Z','Tom Cox',NULL,'2025-10-16T10:13:39.407Z','2025-10-16T09:48:26.693Z','/home','draft');
INSERT INTO "articles" VALUES(5,'featured-products',10,'2025-10-17T10:36:38.750Z','Tom Cox',NULL,'2025-10-18T07:57:44.434Z','2025-10-17T10:40:51.091Z','/beehomes','published');
INSERT INTO "articles" VALUES(6,'release-notes-191025',15,'2025-10-19T10:12:10.788Z','Tom Cox',NULL,'2025-10-19T11:41:21.802Z','2025-10-19T10:20:41.002Z','/community','published');
INSERT INTO "articles" VALUES(7,'third-article',20,'2025-10-23T13:54:21.151Z','Tom Cox',NULL,'2025-10-23T14:02:34.478Z','2025-10-23T14:02:28.008Z',NULL,'published');
CREATE TABLE `in_app_notifications` (
  	`id` integer PRIMARY KEY NOT NULL,
  	`image_id` integer,
  	`publish_date` text,
  	`schedule` numeric DEFAULT 365,
  	`limmit` numeric DEFAULT 999,
  	`key` text NOT NULL,
  	`updated_at` text DEFAULT (strftime('%Y-%m-%dT%H:%M:%fZ', 'now')) NOT NULL,
  	`created_at` text DEFAULT (strftime('%Y-%m-%dT%H:%M:%fZ', 'now')) NOT NULL, end_date text,
  	FOREIGN KEY (`image_id`) REFERENCES `media`(`id`) ON UPDATE no action ON DELETE set null
  );
INSERT INTO "in_app_notifications" VALUES(1,14,'2025-10-14T06:00:00.000Z',365,999,'987040fa-10e1-42cc-9acf-c2d315b2b62e','2025-10-16T07:13:16.285Z','2025-10-16T06:56:52.360Z','2025-10-24T06:30:00.000Z');
INSERT INTO "in_app_notifications" VALUES(2,12,'2025-10-19T03:30:00.000Z',365,999,'304fd5c3-0191-4457-b6c6-cf975c20f840','2025-10-19T13:26:48.995Z','2025-10-19T10:40:33.095Z','2025-10-31T11:21:51.000Z');
INSERT INTO "in_app_notifications" VALUES(3,21,'2025-10-23T04:23:37.552Z',365,999,'8cb49ea6-f3d2-49ab-a295-2cad1fe1a78b','2025-10-23T06:22:51.077Z','2025-10-23T04:27:21.511Z','2025-11-23T04:23:37.552Z');
CREATE TABLE `payload_locked_documents` (
  	`id` integer PRIMARY KEY NOT NULL,
  	`global_slug` text,
  	`updated_at` text DEFAULT (strftime('%Y-%m-%dT%H:%M:%fZ', 'now')) NOT NULL,
  	`created_at` text DEFAULT (strftime('%Y-%m-%dT%H:%M:%fZ', 'now')) NOT NULL
  );
INSERT INTO "payload_locked_documents" VALUES(2,NULL,'2025-10-23T05:04:09.237Z','2025-10-23T05:03:29.454Z');
INSERT INTO "payload_locked_documents" VALUES(3,NULL,'2025-10-23T09:14:32.680Z','2025-10-23T09:14:32.680Z');
CREATE TABLE `payload_preferences` (
  	`id` integer PRIMARY KEY NOT NULL,
  	`key` text,
  	`value` text,
  	`updated_at` text DEFAULT (strftime('%Y-%m-%dT%H:%M:%fZ', 'now')) NOT NULL,
  	`created_at` text DEFAULT (strftime('%Y-%m-%dT%H:%M:%fZ', 'now')) NOT NULL
  );
INSERT INTO "payload_preferences" VALUES(1,'collection-in-app-notifications','{"limit":10}','2025-10-14T08:05:39.731Z','2025-10-10T09:06:08.164Z');
INSERT INTO "payload_preferences" VALUES(2,'collection-push-notifications','{"limit":10}','2025-10-13T16:52:51.869Z','2025-10-10T09:06:12.185Z');
INSERT INTO "payload_preferences" VALUES(3,'collection-users','{}','2025-10-10T09:06:21.469Z','2025-10-10T09:06:21.469Z');
INSERT INTO "payload_preferences" VALUES(4,'locale','"en"','2025-10-20T17:57:22.989Z','2025-10-10T09:07:07.597Z');
INSERT INTO "payload_preferences" VALUES(5,'collection-articles','{"limit":10}','2025-10-17T11:23:54.740Z','2025-10-10T09:08:36.506Z');
INSERT INTO "payload_preferences" VALUES(6,'collection-users','{}','2025-10-10T09:30:34.266Z','2025-10-10T09:30:34.266Z');
INSERT INTO "payload_preferences" VALUES(7,'collection-push-notifications','{"limit":10}','2025-10-10T09:33:33.703Z','2025-10-10T09:30:43.167Z');
INSERT INTO "payload_preferences" VALUES(8,'collection-articles','{"limit":10}','2025-10-10T09:31:09.503Z','2025-10-10T09:30:49.143Z');
INSERT INTO "payload_preferences" VALUES(9,'collection-in-app-notifications','{}','2025-10-10T09:31:23.971Z','2025-10-10T09:31:23.971Z');
INSERT INTO "payload_preferences" VALUES(10,'locale','"de"','2025-10-23T06:22:57.637Z','2025-10-10T09:36:40.650Z');
INSERT INTO "payload_preferences" VALUES(11,'collection-space-types','{}','2025-10-10T09:40:26.913Z','2025-10-10T09:40:26.913Z');
INSERT INTO "payload_preferences" VALUES(12,'collection-commitments','{}','2025-10-10T09:41:54.294Z','2025-10-10T09:41:54.294Z');
INSERT INTO "payload_preferences" VALUES(13,'collection-action-cards','{"limit":10}','2025-10-13T16:53:18.047Z','2025-10-13T16:03:21.424Z');
INSERT INTO "payload_preferences" VALUES(14,'collection-media','{}','2025-10-14T08:05:46.007Z','2025-10-14T08:05:46.007Z');
INSERT INTO "payload_preferences" VALUES(15,'collection-media','{}','2025-10-15T13:47:48.524Z','2025-10-15T13:47:48.524Z');
INSERT INTO "payload_preferences" VALUES(16,'collection-checklist','{}','2025-10-15T14:32:19.400Z','2025-10-15T14:32:19.400Z');
INSERT INTO "payload_preferences" VALUES(17,'collection-questionnaire','{}','2025-10-15T15:16:57.563Z','2025-10-15T15:16:57.563Z');
INSERT INTO "payload_preferences" VALUES(18,'collection-questionnaire','{}','2025-10-15T20:29:35.446Z','2025-10-15T20:29:35.446Z');
INSERT INTO "payload_preferences" VALUES(19,'collection-badges','{}','2025-10-15T20:35:35.578Z','2025-10-15T20:35:35.578Z');
INSERT INTO "payload_preferences" VALUES(20,'collection-space-types','{"limit":10}','2025-10-20T16:24:51.744Z','2025-10-16T09:48:16.263Z');
INSERT INTO "payload_preferences" VALUES(21,'collection-commitments','{"limit":10}','2025-10-21T10:39:59.832Z','2025-10-20T19:32:53.467Z');
INSERT INTO "payload_preferences" VALUES(22,'collection-space-reviews','{}','2025-10-23T09:30:00.272Z','2025-10-23T09:30:00.272Z');
CREATE TABLE `payload_preferences_rels` (
  	`id` integer PRIMARY KEY NOT NULL,
  	`order` integer,
  	`parent_id` integer NOT NULL,
  	`path` text NOT NULL,
  	`users_id` integer,
  	FOREIGN KEY (`parent_id`) REFERENCES `payload_preferences`(`id`) ON UPDATE no action ON DELETE cascade,
  	FOREIGN KEY (`users_id`) REFERENCES `users`(`id`) ON UPDATE no action ON DELETE cascade
  );
INSERT INTO "payload_preferences_rels" VALUES(3,NULL,3,'user',1);
INSERT INTO "payload_preferences_rels" VALUES(7,NULL,6,'user',2);
INSERT INTO "payload_preferences_rels" VALUES(9,NULL,8,'user',2);
INSERT INTO "payload_preferences_rels" VALUES(10,NULL,9,'user',2);
INSERT INTO "payload_preferences_rels" VALUES(11,NULL,7,'user',2);
INSERT INTO "payload_preferences_rels" VALUES(13,NULL,11,'user',2);
INSERT INTO "payload_preferences_rels" VALUES(15,NULL,12,'user',2);
INSERT INTO "payload_preferences_rels" VALUES(21,NULL,2,'user',1);
INSERT INTO "payload_preferences_rels" VALUES(22,NULL,2,'user',1);
INSERT INTO "payload_preferences_rels" VALUES(23,NULL,13,'user',1);
INSERT INTO "payload_preferences_rels" VALUES(25,NULL,1,'user',1);
INSERT INTO "payload_preferences_rels" VALUES(26,NULL,14,'user',1);
INSERT INTO "payload_preferences_rels" VALUES(31,NULL,15,'user',2);
INSERT INTO "payload_preferences_rels" VALUES(32,NULL,16,'user',1);
INSERT INTO "payload_preferences_rels" VALUES(33,NULL,17,'user',1);
INSERT INTO "payload_preferences_rels" VALUES(34,NULL,18,'user',2);
INSERT INTO "payload_preferences_rels" VALUES(36,NULL,19,'user',1);
INSERT INTO "payload_preferences_rels" VALUES(43,NULL,5,'user',1);
INSERT INTO "payload_preferences_rels" VALUES(45,NULL,20,'user',1);
INSERT INTO "payload_preferences_rels" VALUES(46,NULL,4,'user',1);
INSERT INTO "payload_preferences_rels" VALUES(47,NULL,21,'user',1);
INSERT INTO "payload_preferences_rels" VALUES(48,NULL,21,'user',1);
INSERT INTO "payload_preferences_rels" VALUES(49,NULL,10,'user',2);
INSERT INTO "payload_preferences_rels" VALUES(50,NULL,22,'user',1);
CREATE TABLE `payload_migrations` (
  	`id` integer PRIMARY KEY NOT NULL,
  	`name` text,
  	`batch` numeric,
  	`updated_at` text DEFAULT (strftime('%Y-%m-%dT%H:%M:%fZ', 'now')) NOT NULL,
  	`created_at` text DEFAULT (strftime('%Y-%m-%dT%H:%M:%fZ', 'now')) NOT NULL
  );
INSERT INTO "payload_migrations" VALUES(1,'20251013_161137_initial_from_prod',1,'2025-10-13T16:15:30.448Z','2025-10-13T16:15:30.448Z');
INSERT INTO "payload_migrations" VALUES(2,'20251015_130702',2,'2025-10-15T14:29:19.265Z','2025-10-15T14:29:19.263Z');
INSERT INTO "payload_migrations" VALUES(3,'20251015_145826',3,'2025-10-15T15:05:25.353Z','2025-10-15T15:05:25.351Z');
INSERT INTO "payload_migrations" VALUES(4,'20251015_152711',4,'2025-10-15T18:16:31.646Z','2025-10-15T18:16:31.645Z');
INSERT INTO "payload_migrations" VALUES(5,'20251015_181250',4,'2025-10-15T18:16:38.194Z','2025-10-15T18:16:38.194Z');
INSERT INTO "payload_migrations" VALUES(6,'20251015_202823',5,'2025-10-15T20:31:13.381Z','2025-10-15T20:31:13.380Z');
INSERT INTO "payload_migrations" VALUES(7,'20251015_204807',6,'2025-10-16T09:46:46.014Z','2025-10-16T09:46:46.013Z');
INSERT INTO "payload_migrations" VALUES(8,'20251017_102224',7,'2025-10-17T10:25:16.724Z','2025-10-17T10:25:16.724Z');
INSERT INTO "payload_migrations" VALUES(9,'20251019_112813',8,'2025-10-19T11:30:51.927Z','2025-10-19T11:30:51.926Z');
INSERT INTO "payload_migrations" VALUES(10,'20251019_192119',9,'2025-10-19T19:24:07.409Z','2025-10-19T19:24:07.408Z');
INSERT INTO "payload_migrations" VALUES(11,'20251020_132312',10,'2025-10-20T13:33:17.605Z','2025-10-20T13:33:17.604Z');
INSERT INTO "payload_migrations" VALUES(12,'20251020_161448',11,'2025-10-20T16:19:35.407Z','2025-10-20T16:19:35.406Z');
INSERT INTO "payload_migrations" VALUES(13,'20251020_162708',12,'2025-10-20T16:30:47.091Z','2025-10-20T16:30:47.090Z');
INSERT INTO "payload_migrations" VALUES(14,'20251021_045827',13,'2025-10-21T05:01:03.161Z','2025-10-21T05:01:03.160Z');
INSERT INTO "payload_migrations" VALUES(15,'20251021_190553',14,'2025-10-23T03:55:41.173Z','2025-10-23T03:55:41.173Z');
INSERT INTO "payload_migrations" VALUES(16,'20251023_035336',14,'2025-10-23T03:55:41.510Z','2025-10-23T03:55:41.510Z');
ANALYZE sqlite_schema;
INSERT INTO "sqlite_stat1" VALUES('payload_migrations','payload_migrations_created_at_idx','1 1');
INSERT INTO "sqlite_stat1" VALUES('payload_migrations','payload_migrations_updated_at_idx','1 1');
INSERT INTO "sqlite_stat1" VALUES('_cf_KV','_cf_KV','1 1');
INSERT INTO "sqlite_stat1" VALUES('payload_preferences','payload_preferences_created_at_idx','12 1');
INSERT INTO "sqlite_stat1" VALUES('payload_preferences','payload_preferences_updated_at_idx','12 1');
INSERT INTO "sqlite_stat1" VALUES('payload_preferences','payload_preferences_key_idx','12 2');
INSERT INTO "sqlite_stat1" VALUES('in_app_notifications','in_app_notifications_created_at_idx','1 1');
INSERT INTO "sqlite_stat1" VALUES('in_app_notifications','in_app_notifications_updated_at_idx','1 1');
INSERT INTO "sqlite_stat1" VALUES('in_app_notifications','in_app_notifications_image_idx','1 1');
INSERT INTO "sqlite_stat1" VALUES('commitments_rels','commitments_rels_space_types_id_idx','1 1');
INSERT INTO "sqlite_stat1" VALUES('commitments_rels','commitments_rels_path_idx','1 1');
INSERT INTO "sqlite_stat1" VALUES('commitments_rels','commitments_rels_parent_idx','1 1');
INSERT INTO "sqlite_stat1" VALUES('commitments_rels','commitments_rels_order_idx','1 1');
INSERT INTO "sqlite_stat1" VALUES('commitments_locales','commitments_locales_locale_parent_id_unique','3 1 1');
INSERT INTO "sqlite_stat1" VALUES('users','users_email_idx','2 1');
INSERT INTO "sqlite_stat1" VALUES('users','users_created_at_idx','2 1');
INSERT INTO "sqlite_stat1" VALUES('users','users_updated_at_idx','2 1');
INSERT INTO "sqlite_stat1" VALUES('media','media_filename_idx','2 1');
INSERT INTO "sqlite_stat1" VALUES('media','media_created_at_idx','2 1');
INSERT INTO "sqlite_stat1" VALUES('media','media_updated_at_idx','2 1');
INSERT INTO "sqlite_stat1" VALUES('push_notifications','push_notifications_created_at_idx','3 1');
INSERT INTO "sqlite_stat1" VALUES('push_notifications','push_notifications_updated_at_idx','3 1');
INSERT INTO "sqlite_stat1" VALUES('push_notifications','push_notifications_image_idx','3 2');
INSERT INTO "sqlite_stat1" VALUES('push_notifications_locales','push_notifications_locales_locale_parent_id_unique','9 3 1');
INSERT INTO "sqlite_stat1" VALUES('payload_preferences_rels','payload_preferences_rels_users_id_idx','12 6');
INSERT INTO "sqlite_stat1" VALUES('payload_preferences_rels','payload_preferences_rels_path_idx','12 12');
INSERT INTO "sqlite_stat1" VALUES('payload_preferences_rels','payload_preferences_rels_parent_idx','12 1');
INSERT INTO "sqlite_stat1" VALUES('payload_preferences_rels','payload_preferences_rels_order_idx','12 12');
INSERT INTO "sqlite_stat1" VALUES('users_sessions','users_sessions_parent_id_idx','2 1');
INSERT INTO "sqlite_stat1" VALUES('users_sessions','users_sessions_order_idx','2 2');
INSERT INTO "sqlite_stat1" VALUES('users_sessions','sqlite_autoindex_users_sessions_1','2 1');
INSERT INTO "sqlite_stat1" VALUES('space_types_locales','space_types_locales_locale_parent_id_unique','3 1 1');
INSERT INTO "sqlite_stat1" VALUES('badges','badges_created_at_idx','1 1');
INSERT INTO "sqlite_stat1" VALUES('badges','badges_updated_at_idx','1 1');
INSERT INTO "sqlite_stat1" VALUES('badges','badges_page_page_image_idx','1 1');
INSERT INTO "sqlite_stat1" VALUES('badges','badges_icon_idx','1 1');
INSERT INTO "sqlite_stat1" VALUES('badges','badges_slug_idx','1 1');
INSERT INTO "sqlite_stat1" VALUES('badges_locales','badges_locales_locale_parent_id_unique','2 1 1');
INSERT INTO "sqlite_stat1" VALUES('questionnaire_end_screens_locales','questionnaire_end_screens_locales_locale_parent_id_unique','1 1 1');
INSERT INTO "sqlite_stat1" VALUES('questionnaire_question_cards_options_locales','questionnaire_question_cards_options_locales_locale_parent_id_unique','11 11 1');
INSERT INTO "sqlite_stat1" VALUES('questionnaire_end_screens','questionnaire_end_screens_image_idx','1 1');
INSERT INTO "sqlite_stat1" VALUES('questionnaire_end_screens','questionnaire_end_screens_parent_id_idx','1 1');
INSERT INTO "sqlite_stat1" VALUES('questionnaire_end_screens','questionnaire_end_screens_order_idx','1 1');
INSERT INTO "sqlite_stat1" VALUES('questionnaire_end_screens','sqlite_autoindex_questionnaire_end_screens_1','1 1');
INSERT INTO "sqlite_stat1" VALUES('questionnaire','questionnaire_created_at_idx','1 1');
INSERT INTO "sqlite_stat1" VALUES('questionnaire','questionnaire_updated_at_idx','1 1');
INSERT INTO "sqlite_stat1" VALUES('questionnaire','questionnaire_slug_idx','1 1');
INSERT INTO "sqlite_stat1" VALUES('questionnaire_question_cards','questionnaire_question_cards_parent_id_idx','2 2');
INSERT INTO "sqlite_stat1" VALUES('questionnaire_question_cards','questionnaire_question_cards_order_idx','2 1');
INSERT INTO "sqlite_stat1" VALUES('questionnaire_question_cards','sqlite_autoindex_questionnaire_question_cards_1','2 1');
INSERT INTO "sqlite_stat1" VALUES('questionnaire_question_cards_locales','questionnaire_question_cards_locales_locale_parent_id_unique','2 2 1');
INSERT INTO "sqlite_stat1" VALUES('questionnaire_question_cards_options','questionnaire_question_cards_options_parent_id_idx','11 6');
INSERT INTO "sqlite_stat1" VALUES('questionnaire_question_cards_options','questionnaire_question_cards_options_order_idx','11 2');
INSERT INTO "sqlite_stat1" VALUES('questionnaire_question_cards_options','sqlite_autoindex_questionnaire_question_cards_options_1','11 1');
INSERT INTO "sqlite_stat1" VALUES('questionnaire_locales','questionnaire_locales_locale_parent_id_unique','1 1 1');
INSERT INTO "sqlite_stat1" VALUES('payload_locked_documents','payload_locked_documents_created_at_idx','1 1');
INSERT INTO "sqlite_stat1" VALUES('payload_locked_documents','payload_locked_documents_updated_at_idx','1 1');
INSERT INTO "sqlite_stat1" VALUES('payload_locked_documents','payload_locked_documents_global_slug_idx','1 1');
INSERT INTO "sqlite_stat1" VALUES('articles_locales','articles_locales_locale_parent_id_unique','8 3 1');
INSERT INTO "sqlite_stat1" VALUES('articles','articles__status_idx','4 4');
INSERT INTO "sqlite_stat1" VALUES('articles','articles_created_at_idx','4 1');
INSERT INTO "sqlite_stat1" VALUES('articles','articles_updated_at_idx','4 1');
INSERT INTO "sqlite_stat1" VALUES('articles','articles_hero_image_idx','4 1');
INSERT INTO "sqlite_stat1" VALUES('articles','articles_slug_idx','4 1');
INSERT INTO "sqlite_stat1" VALUES('_articles_v','_articles_v_latest_idx','12 6');
INSERT INTO "sqlite_stat1" VALUES('_articles_v','_articles_v_published_locale_idx','12 12');
INSERT INTO "sqlite_stat1" VALUES('_articles_v','_articles_v_snapshot_idx','12 12');
INSERT INTO "sqlite_stat1" VALUES('_articles_v','_articles_v_updated_at_idx','12 1');
INSERT INTO "sqlite_stat1" VALUES('_articles_v','_articles_v_created_at_idx','12 1');
INSERT INTO "sqlite_stat1" VALUES('_articles_v','_articles_v_version_version__status_idx','12 6');
INSERT INTO "sqlite_stat1" VALUES('_articles_v','_articles_v_version_version_created_at_idx','12 6');
INSERT INTO "sqlite_stat1" VALUES('_articles_v','_articles_v_version_version_updated_at_idx','12 1');
INSERT INTO "sqlite_stat1" VALUES('_articles_v','_articles_v_version_version_hero_image_idx','12 6');
INSERT INTO "sqlite_stat1" VALUES('_articles_v','_articles_v_version_version_slug_idx','12 6');
INSERT INTO "sqlite_stat1" VALUES('_articles_v','_articles_v_parent_idx','12 6');
INSERT INTO "sqlite_stat1" VALUES('_articles_v_locales','_articles_v_locales_locale_parent_id_unique','30 10 1');
INSERT INTO "sqlite_stat1" VALUES('in_app_notifications_locales','in_app_notifications_locales_locale_parent_id_unique','6 2 1');
INSERT INTO "sqlite_stat1" VALUES('commitments','commitments_created_at_idx','1 1');
INSERT INTO "sqlite_stat1" VALUES('commitments','commitments_updated_at_idx','1 1');
INSERT INTO "sqlite_stat1" VALUES('commitments','commitments_slug_idx','1 1');
INSERT INTO "sqlite_stat1" VALUES('space_types','space_types_default_image_idx','4 4');
INSERT INTO "sqlite_stat1" VALUES('space_types','space_types_slug_idx','4 1');
INSERT INTO "sqlite_stat1" VALUES('space_types','space_types_created_at_idx','4 1');
INSERT INTO "sqlite_stat1" VALUES('space_types','space_types_updated_at_idx','4 1');
INSERT INTO "sqlite_stat1" VALUES('payload_locked_documents_rels','payload_locked_documents_rels_space_reviews_id_idx','2 2');
INSERT INTO "sqlite_stat1" VALUES('payload_locked_documents_rels','payload_locked_documents_rels_badges_id_idx','2 2');
INSERT INTO "sqlite_stat1" VALUES('payload_locked_documents_rels','payload_locked_documents_rels_questionnaire_id_idx','2 2');
INSERT INTO "sqlite_stat1" VALUES('payload_locked_documents_rels','payload_locked_documents_rels_action_cards_id_idx','2 2');
INSERT INTO "sqlite_stat1" VALUES('payload_locked_documents_rels','payload_locked_documents_rels_in_app_notifications_id_idx','2 1');
INSERT INTO "sqlite_stat1" VALUES('payload_locked_documents_rels','payload_locked_documents_rels_articles_id_idx','2 2');
INSERT INTO "sqlite_stat1" VALUES('payload_locked_documents_rels','payload_locked_documents_rels_commitments_id_idx','2 2');
INSERT INTO "sqlite_stat1" VALUES('payload_locked_documents_rels','payload_locked_documents_rels_space_types_id_idx','2 2');
INSERT INTO "sqlite_stat1" VALUES('payload_locked_documents_rels','payload_locked_documents_rels_push_notifications_id_idx','2 2');
INSERT INTO "sqlite_stat1" VALUES('payload_locked_documents_rels','payload_locked_documents_rels_media_id_idx','2 2');
INSERT INTO "sqlite_stat1" VALUES('payload_locked_documents_rels','payload_locked_documents_rels_users_id_idx','2 1');
INSERT INTO "sqlite_stat1" VALUES('payload_locked_documents_rels','payload_locked_documents_rels_path_idx','2 1');
INSERT INTO "sqlite_stat1" VALUES('payload_locked_documents_rels','payload_locked_documents_rels_parent_idx','2 2');
INSERT INTO "sqlite_stat1" VALUES('payload_locked_documents_rels','payload_locked_documents_rels_order_idx','2 2');
CREATE TABLE `action_cards` (
  	`id` integer PRIMARY KEY NOT NULL,
  	`slug` text NOT NULL,
  	`link` text,
  	`image_id` integer,
  	`publish_date` text,
  	`end_date` text,
  	`multiple_views` integer,
  	`display_to_all_users` integer,
  	`updated_at` text DEFAULT (strftime('%Y-%m-%dT%H:%M:%fZ', 'now')) NOT NULL,
  	`created_at` text DEFAULT (strftime('%Y-%m-%dT%H:%M:%fZ', 'now')) NOT NULL,
  	FOREIGN KEY (`image_id`) REFERENCES `media`(`id`) ON UPDATE no action ON DELETE set null
);
CREATE TABLE `action_cards_locales` (
  	`title` text NOT NULL,
  	`topic` text NOT NULL,
  	`tag` text NOT NULL,
  	`body` text,
  	`id` integer PRIMARY KEY NOT NULL,
  	`_locale` text NOT NULL,
  	`_parent_id` integer NOT NULL,
  	FOREIGN KEY (`_parent_id`) REFERENCES `action_cards`(`id`) ON UPDATE no action ON DELETE cascade
);
CREATE TABLE IF NOT EXISTS "questionnaire" (
  	`id` integer PRIMARY KEY NOT NULL,
  	`slug` text NOT NULL,
  	`updated_at` text DEFAULT (strftime('%Y-%m-%dT%H:%M:%fZ', 'now')) NOT NULL,
  	`created_at` text DEFAULT (strftime('%Y-%m-%dT%H:%M:%fZ', 'now')) NOT NULL
  , `note` text);
INSERT INTO "questionnaire" VALUES(1,'beehome-check','2025-10-16T07:20:31.567Z','2025-10-15T20:48:58.151Z','This questionnaire is for the BeeHome Mission');
CREATE TABLE IF NOT EXISTS "questionnaire_end_screens" (
  	`_order` integer NOT NULL,
  	`_parent_id` integer NOT NULL,
  	`id` text PRIMARY KEY NOT NULL,
  	`image_id` integer,
  	`uuid` text NOT NULL, `action_button_link` text,
  	FOREIGN KEY (`image_id`) REFERENCES `media`(`id`) ON UPDATE no action ON DELETE set null,
  	FOREIGN KEY (`_parent_id`) REFERENCES `questionnaire`(`id`) ON UPDATE no action ON DELETE cascade
  );
INSERT INTO "questionnaire_end_screens" VALUES(1,1,'68f008b0900c08742c9f7e64',14,'421f9b69-e066-4e5a-bfa6-71650725cc92','/badge/beecare');
CREATE TABLE IF NOT EXISTS "questionnaire_end_screens_locales" (
  	`title` text NOT NULL,
  	`action_button` text,
  	`body` text,
  	`id` integer PRIMARY KEY NOT NULL,
  	`_locale` text NOT NULL,
  	`_parent_id` text NOT NULL,
  	FOREIGN KEY (`_parent_id`) REFERENCES `questionnaire_end_screens`(`id`) ON UPDATE no action ON DELETE cascade
  );
INSERT INTO "questionnaire_end_screens_locales" VALUES('So machst du dein  BeeHome winterfit','Anleitung ansehen','{"root":{"children":[{"children":[{"detail":0,"format":0,"mode":"normal","style":"","text":"Dein BeeHome zeigt leichte Abnutzung.","type":"text","version":1}],"direction":null,"format":"","indent":0,"type":"heading","version":1,"tag":"h4"},{"children":[{"detail":0,"format":0,"mode":"normal","style":"","text":"Das kannst du jetzt tun, um deine Wildbienen gut zu schützen:","type":"text","version":1},{"type":"linebreak","version":1}],"direction":null,"format":"","indent":0,"type":"paragraph","version":1,"textFormat":0,"textStyle":""},{"children":[{"children":[{"detail":0,"format":0,"mode":"normal","style":"","text":"Das Holz mit Leinöl pflegen","type":"text","version":1}],"direction":null,"format":"","indent":0,"type":"listitem","version":1,"value":1},{"children":[{"detail":0,"format":0,"mode":"normal","style":"","text":"Alte oder beschädigte Röhrchen austauschen","type":"text","version":1}],"direction":null,"format":"","indent":0,"type":"listitem","version":1,"value":2},{"children":[{"detail":0,"format":0,"mode":"normal","style":"","text":"Einen sonnigeren, trockeneren Standort wählen","type":"text","version":1}],"direction":null,"format":"","indent":0,"type":"listitem","version":1,"value":3}],"direction":null,"format":"","indent":0,"type":"list","version":1,"listType":"bullet","start":1,"tag":"ul"},{"children":[{"detail":0,"format":0,"mode":"normal","style":"","text":"Wir haben alles für die Pflege gebündelt:","type":"text","version":1},{"type":"linebreak","version":1},{"detail":0,"format":0,"mode":"normal","style":"","text":"✅ Leinöl","type":"text","version":1},{"type":"linebreak","version":1},{"detail":0,"format":0,"mode":"normal","style":"","text":"✅ Riesenschilf-Röhrchen","type":"text","version":1},{"type":"linebreak","version":1},{"detail":0,"format":0,"mode":"normal","style":"","text":"✅ Pflegeanleitung","type":"text","version":1}],"direction":null,"format":"","indent":0,"type":"paragraph","version":1,"textFormat":0,"textStyle":""}],"direction":null,"format":"","indent":0,"type":"root","version":1}}',1,'de','68f008b0900c08742c9f7e64');
CREATE TABLE IF NOT EXISTS "questionnaire_locales" (
  	"name" text NOT NULL,
  	`id` integer PRIMARY KEY NOT NULL,
  	`_locale` text NOT NULL,
  	`_parent_id` integer NOT NULL,
  	FOREIGN KEY (`_parent_id`) REFERENCES `questionnaire`(`id`) ON UPDATE no action ON DELETE cascade
  );
INSERT INTO "questionnaire_locales" VALUES('Beehome Check',1,'de',1);
CREATE TABLE IF NOT EXISTS "payload_locked_documents_rels" (
  	`id` integer PRIMARY KEY NOT NULL,
  	`order` integer,
  	`parent_id` integer NOT NULL,
  	`path` text NOT NULL,
  	`users_id` integer,
  	`media_id` integer,
  	`push_notifications_id` integer,
  	`space_types_id` integer,
  	`commitments_id` integer,
  	`articles_id` integer,
  	`in_app_notifications_id` integer,
  	`action_cards_id` integer,
  	`questionnaire_id` integer, `badges_id` integer REFERENCES badges(id), `space_reviews_id` integer REFERENCES space_reviews(id),
  	FOREIGN KEY (`parent_id`) REFERENCES `payload_locked_documents`(`id`) ON UPDATE no action ON DELETE cascade,
  	FOREIGN KEY (`users_id`) REFERENCES `users`(`id`) ON UPDATE no action ON DELETE cascade,
  	FOREIGN KEY (`media_id`) REFERENCES `media`(`id`) ON UPDATE no action ON DELETE cascade,
  	FOREIGN KEY (`push_notifications_id`) REFERENCES `push_notifications`(`id`) ON UPDATE no action ON DELETE cascade,
  	FOREIGN KEY (`space_types_id`) REFERENCES `space_types`(`id`) ON UPDATE no action ON DELETE cascade,
  	FOREIGN KEY (`commitments_id`) REFERENCES `commitments`(`id`) ON UPDATE no action ON DELETE cascade,
  	FOREIGN KEY (`articles_id`) REFERENCES `articles`(`id`) ON UPDATE no action ON DELETE cascade,
  	FOREIGN KEY (`in_app_notifications_id`) REFERENCES `in_app_notifications`(`id`) ON UPDATE no action ON DELETE cascade,
  	FOREIGN KEY (`action_cards_id`) REFERENCES `action_cards`(`id`) ON UPDATE no action ON DELETE cascade,
  	FOREIGN KEY (`questionnaire_id`) REFERENCES `questionnaire`(`id`) ON UPDATE no action ON DELETE cascade
  );
INSERT INTO "payload_locked_documents_rels" VALUES(3,NULL,2,'document',NULL,NULL,NULL,4,NULL,NULL,NULL,NULL,NULL,NULL,NULL);
INSERT INTO "payload_locked_documents_rels" VALUES(4,NULL,2,'user',1,NULL,NULL,NULL,NULL,NULL,NULL,NULL,NULL,NULL,NULL);
INSERT INTO "payload_locked_documents_rels" VALUES(5,NULL,3,'document',NULL,NULL,NULL,NULL,NULL,NULL,NULL,NULL,NULL,1,NULL);
INSERT INTO "payload_locked_documents_rels" VALUES(6,NULL,3,'user',1,NULL,NULL,NULL,NULL,NULL,NULL,NULL,NULL,NULL,NULL);
CREATE TABLE IF NOT EXISTS "questionnaire_question_cards_options" (
  	`_order` integer NOT NULL,
  	`_parent_id` text NOT NULL,
  	`id` text PRIMARY KEY NOT NULL,
  	`type` text DEFAULT 'checkbox' NOT NULL,
  	`uuid` text NOT NULL,
  	FOREIGN KEY (`_parent_id`) REFERENCES `questionnaire_question_cards`(`id`) ON UPDATE no action ON DELETE cascade
  );
INSERT INTO "questionnaire_question_cards_options" VALUES(1,'68f008a3900c08742c9f7e62','68f008a9900c08742c9f7e63','checkbox','1958c47e-1f2a-4e7f-9b0d-7baa0717f07b');
INSERT INTO "questionnaire_question_cards_options" VALUES(2,'68f008a3900c08742c9f7e62','68f00921900c08742c9f7e65','checkbox','659645f6-4d7e-4db4-9f6b-26442d494f09');
INSERT INTO "questionnaire_question_cards_options" VALUES(3,'68f008a3900c08742c9f7e62','68f0092e900c08742c9f7e66','checkbox','346874e0-d924-4e38-9a45-f1b971a32f03');
INSERT INTO "questionnaire_question_cards_options" VALUES(4,'68f008a3900c08742c9f7e62','68f00939900c08742c9f7e67','checkbox','bc42d447-c46a-4fe5-9cc0-89972c1a4575');
INSERT INTO "questionnaire_question_cards_options" VALUES(5,'68f008a3900c08742c9f7e62','68f00944900c08742c9f7e68','checkbox','ec66d96d-c01c-4b90-89a7-b52e8a423655');
INSERT INTO "questionnaire_question_cards_options" VALUES(1,'68f00958900c08742c9f7e69','68f00971900c08742c9f7e6a','checkbox','81991fa0-5015-42c5-907c-85785696d5a1');
INSERT INTO "questionnaire_question_cards_options" VALUES(2,'68f00958900c08742c9f7e69','68f00980900c08742c9f7e6b','checkbox','fa69f846-205d-4150-869d-67662034118b');
INSERT INTO "questionnaire_question_cards_options" VALUES(3,'68f00958900c08742c9f7e69','68f0098f900c08742c9f7e6c','checkbox','b1ae8e17-958a-4335-b540-8a4f9f40d3cd');
INSERT INTO "questionnaire_question_cards_options" VALUES(4,'68f00958900c08742c9f7e69','68f00999900c08742c9f7e6d','checkbox','2298f864-5d49-436e-8b0b-8b20747290ae');
INSERT INTO "questionnaire_question_cards_options" VALUES(5,'68f00958900c08742c9f7e69','68f009a4900c08742c9f7e6e','checkbox','9b0a75aa-f815-4c02-a73f-f8f82aec15aa');
INSERT INTO "questionnaire_question_cards_options" VALUES(6,'68f00958900c08742c9f7e69','68f009af900c08742c9f7e6f','checkbox','bca92f66-c579-486d-9324-9d2d86056c75');
CREATE TABLE IF NOT EXISTS "questionnaire_question_cards_options_locales" (
  	`description` text,
  	`id` integer PRIMARY KEY NOT NULL,
  	`_locale` text NOT NULL,
  	`_parent_id` text NOT NULL,
  	FOREIGN KEY (`_parent_id`) REFERENCES `questionnaire_question_cards_options`(`id`) ON UPDATE no action ON DELETE cascade
  );
INSERT INTO "questionnaire_question_cards_options_locales" VALUES('🌑 Dunkle oder geschwärzte Stellen',1,'de','68f008a9900c08742c9f7e63');
INSERT INTO "questionnaire_question_cards_options_locales" VALUES('🍄 Schimmel an den Röhrchen',2,'de','68f00921900c08742c9f7e65');
INSERT INTO "questionnaire_question_cards_options_locales" VALUES('🪵 Risse oder kaputte Röhrchen',3,'de','68f0092e900c08742c9f7e66');
INSERT INTO "questionnaire_question_cards_options_locales" VALUES('🧰 Schublade schwer zu öffnen (Observer-Modell)',4,'de','68f00939900c08742c9f7e67');
INSERT INTO "questionnaire_question_cards_options_locales" VALUES('✅ Keine Probleme – alles top!',5,'de','68f00944900c08742c9f7e68');
INSERT INTO "questionnaire_question_cards_options_locales" VALUES('📏 Höher als 50 cm über dem Boden',6,'de','68f00971900c08742c9f7e6a');
INSERT INTO "questionnaire_question_cards_options_locales" VALUES('🌞 Ost- oder Südausrichtung',7,'de','68f00980900c08742c9f7e6b');
INSERT INTO "questionnaire_question_cards_options_locales" VALUES('🌫️ Im Schatten oder feucht',8,'de','68f0098f900c08742c9f7e6c');
INSERT INTO "questionnaire_question_cards_options_locales" VALUES('⬇️ Direkt auf dem Boden',9,'de','68f00999900c08742c9f7e6d');
INSERT INTO "questionnaire_question_cards_options_locales" VALUES('🌾 In der Nähe von Pflanzen',10,'de','68f009a4900c08742c9f7e6e');
INSERT INTO "questionnaire_question_cards_options_locales" VALUES('🤔 Ich bin mir nicht sicher',11,'de','68f009af900c08742c9f7e6f');
CREATE TABLE IF NOT EXISTS "questionnaire_question_cards" (
  	`_order` integer NOT NULL,
  	`_parent_id` integer NOT NULL,
  	`id` text PRIMARY KEY NOT NULL,
  	`allow_multiple` integer DEFAULT true,
  	FOREIGN KEY (`_parent_id`) REFERENCES `questionnaire`(`id`) ON UPDATE no action ON DELETE cascade
  );
INSERT INTO "questionnaire_question_cards" VALUES(1,1,'68f008a3900c08742c9f7e62',1);
INSERT INTO "questionnaire_question_cards" VALUES(2,1,'68f00958900c08742c9f7e69',1);
CREATE TABLE IF NOT EXISTS "questionnaire_question_cards_locales" (
  	`title` text,
  	`description` text,
  	`id` integer PRIMARY KEY NOT NULL,
  	`_locale` text NOT NULL,
  	`_parent_id` text NOT NULL,
  	FOREIGN KEY (`_parent_id`) REFERENCES `questionnaire_question_cards`(`id`) ON UPDATE no action ON DELETE cascade
  );
INSERT INTO "questionnaire_question_cards_locales" VALUES('Braucht dein BeeHome ein bisschen Pflege?','So sieht mein BeeHome aktuell aus:',1,'de','68f008a3900c08742c9f7e62');
INSERT INTO "questionnaire_question_cards_locales" VALUES('Steht dein BeeHome am richtigen Ort?','Mein BeeHome steht gerade…',2,'de','68f00958900c08742c9f7e69');
CREATE TABLE `badges` (
  	`id` integer PRIMARY KEY NOT NULL,
  	`slug` text NOT NULL,
  	`icon_id` integer,
  	`page_image_id` integer,
  	`page_action_button_link` text,
  	`updated_at` text DEFAULT (strftime('%Y-%m-%dT%H:%M:%fZ', 'now')) NOT NULL,
  	`created_at` text DEFAULT (strftime('%Y-%m-%dT%H:%M:%fZ', 'now')) NOT NULL,
  	FOREIGN KEY (`icon_id`) REFERENCES `media`(`id`) ON UPDATE no action ON DELETE set null,
  	FOREIGN KEY (`page_image_id`) REFERENCES `media`(`id`) ON UPDATE no action ON DELETE set null
  );
INSERT INTO "badges" VALUES(1,'beecare',12,13,'/home','2025-10-23T09:14:31.985Z','2025-10-15T20:38:56.993Z');
CREATE TABLE `badges_locales` (
  	`name` text NOT NULL,
  	`page_title` text NOT NULL,
  	`page_description` text NOT NULL,
  	`page_action_button` text,
  	`id` integer PRIMARY KEY NOT NULL,
  	`_locale` text NOT NULL,
  	`_parent_id` integer NOT NULL,
  	FOREIGN KEY (`_parent_id`) REFERENCES `badges`(`id`) ON UPDATE no action ON DELETE cascade
  );
INSERT INTO "badges_locales" VALUES('Beecare','great your bees are read for winter','Dank deiner Aufmerksamkeit starten deine Bienen sicher in den Winter.','Ok',1,'en',1);
INSERT INTO "badges_locales" VALUES('Beecare','Super!  Deine Bienen sind bereit für den Winter.','Dank deiner Aufmerksamkeit starten deine Bienen sicher in den Winter.','Erfolg speichern',2,'de',1);
CREATE TABLE `_articles_v` (
  	`id` integer PRIMARY KEY NOT NULL,
  	`parent_id` integer,
  	`version_slug` text,
  	`version_hero_image_id` integer,
  	`version_action_button_link` text,
  	`version_publish_date` text,
  	`version_author` text,
  	`version_review_status` text,
  	`version_updated_at` text,
  	`version_created_at` text,
  	`version__status` text DEFAULT 'draft',
  	`created_at` text DEFAULT (strftime('%Y-%m-%dT%H:%M:%fZ', 'now')) NOT NULL,
  	`updated_at` text DEFAULT (strftime('%Y-%m-%dT%H:%M:%fZ', 'now')) NOT NULL,
  	`snapshot` integer,
  	`published_locale` text,
  	`latest` integer,
  	FOREIGN KEY (`parent_id`) REFERENCES `articles`(`id`) ON UPDATE no action ON DELETE set null,
  	FOREIGN KEY (`version_hero_image_id`) REFERENCES `media`(`id`) ON UPDATE no action ON DELETE set null
  );
INSERT INTO "_articles_v" VALUES(1,5,'featured-products',10,'/home','2025-10-17T10:36:38.750Z','Tom Cox',NULL,'2025-10-17T10:40:51.091Z','2025-10-17T10:40:51.091Z','published','2025-10-17T10:40:51.172Z','2025-10-17T10:40:51.172Z',NULL,NULL,0);
INSERT INTO "_articles_v" VALUES(2,5,'featured-products',10,'/home','2025-10-17T10:36:38.750Z','Tom Cox',NULL,'2025-10-17T10:40:53.880Z','2025-10-17T10:40:51.091Z','published','2025-10-17T10:40:53.988Z','2025-10-17T10:40:53.988Z',NULL,NULL,0);
INSERT INTO "_articles_v" VALUES(3,5,'featured-products',10,'/home','2025-10-17T10:36:38.750Z','Tom Cox',NULL,'2025-10-17T10:40:57.291Z','2025-10-17T10:40:51.091Z','published','2025-10-17T10:40:57.404Z','2025-10-17T10:40:57.404Z',NULL,NULL,0);
INSERT INTO "_articles_v" VALUES(4,5,'featured-products',10,'/home','2025-10-17T10:36:38.750Z','Tom Cox',NULL,'2025-10-17T11:20:29.963Z','2025-10-17T10:40:51.091Z','published','2025-10-17T11:20:30.087Z','2025-10-17T11:20:30.087Z',NULL,NULL,0);
INSERT INTO "_articles_v" VALUES(5,5,'featured-products',10,'/home','2025-10-17T10:36:38.750Z','Tom Cox',NULL,'2025-10-17T11:20:52.478Z','2025-10-17T10:40:51.091Z','published','2025-10-17T11:20:52.622Z','2025-10-17T11:20:52.622Z',NULL,NULL,0);
INSERT INTO "_articles_v" VALUES(6,5,'featured-products',10,'/beehomes','2025-10-17T10:36:38.750Z','Tom Cox',NULL,'2025-10-18T07:55:07.633Z','2025-10-17T10:40:51.091Z','draft','2025-10-18T07:55:07.633Z','2025-10-18T07:55:07.633Z',NULL,NULL,0);
INSERT INTO "_articles_v" VALUES(7,5,'featured-products',10,'/beehomes','2025-10-17T10:36:38.750Z','Tom Cox',NULL,'2025-10-18T07:56:46.587Z','2025-10-17T10:40:51.091Z','published','2025-10-18T07:56:46.699Z','2025-10-18T07:56:46.699Z',NULL,NULL,0);
INSERT INTO "_articles_v" VALUES(8,5,'featured-products',10,'/beehomes','2025-10-17T10:36:38.750Z','Tom Cox',NULL,'2025-10-18T07:57:40.749Z','2025-10-17T10:40:51.091Z','draft','2025-10-18T07:57:40.749Z','2025-10-18T07:57:40.749Z',NULL,NULL,0);
INSERT INTO "_articles_v" VALUES(9,5,'featured-products',10,'/beehomes','2025-10-17T10:36:38.750Z','Tom Cox',NULL,'2025-10-18T07:57:44.434Z','2025-10-17T10:40:51.091Z','published','2025-10-18T07:57:44.578Z','2025-10-18T07:57:44.578Z',NULL,NULL,1);
INSERT INTO "_articles_v" VALUES(10,6,'release-notes-191025',15,'/community','2025-10-19T10:12:10.788Z','Tom Cox',NULL,'2025-10-19T10:20:41.002Z','2025-10-19T10:20:41.002Z','published','2025-10-19T10:20:41.079Z','2025-10-19T10:20:41.079Z',NULL,NULL,0);
INSERT INTO "_articles_v" VALUES(11,6,'release-notes-191025',15,'/community','2025-10-19T10:12:10.788Z','Tom Cox',NULL,'2025-10-19T10:20:52.698Z','2025-10-19T10:20:41.002Z','published','2025-10-19T10:20:52.800Z','2025-10-19T10:20:52.800Z',NULL,NULL,0);
INSERT INTO "_articles_v" VALUES(12,6,'release-notes-191025',15,'/community','2025-10-19T10:12:10.788Z','Tom Cox',NULL,'2025-10-19T10:21:05.865Z','2025-10-19T10:20:41.002Z','published','2025-10-19T10:21:05.973Z','2025-10-19T10:21:05.973Z',NULL,NULL,0);
INSERT INTO "_articles_v" VALUES(13,6,'release-notes-191025',15,'/community','2025-10-19T10:12:10.788Z','Tom Cox',NULL,'2025-10-19T11:40:45.568Z','2025-10-19T10:20:41.002Z','draft','2025-10-19T11:40:45.568Z','2025-10-19T11:40:45.568Z',NULL,NULL,0);
INSERT INTO "_articles_v" VALUES(14,6,'release-notes-191025',15,'/community','2025-10-19T10:12:10.788Z','Tom Cox',NULL,'2025-10-19T11:40:55.015Z','2025-10-19T10:20:41.002Z','published','2025-10-19T11:40:55.115Z','2025-10-19T11:40:55.115Z',NULL,NULL,0);
INSERT INTO "_articles_v" VALUES(15,6,'release-notes-191025',15,'/community','2025-10-19T10:12:10.788Z','Tom Cox',NULL,'2025-10-19T11:41:21.802Z','2025-10-19T10:20:41.002Z','published','2025-10-19T11:41:21.907Z','2025-10-19T11:41:21.907Z',NULL,NULL,1);
INSERT INTO "_articles_v" VALUES(16,7,'third-article',20,NULL,'2025-10-23T13:54:21.151Z','Tom Cox',NULL,'2025-10-23T14:02:28.008Z','2025-10-23T14:02:28.008Z','published','2025-10-23T14:02:28.127Z','2025-10-23T14:02:28.127Z',NULL,NULL,0);
INSERT INTO "_articles_v" VALUES(17,7,'third-article',20,NULL,'2025-10-23T13:54:21.151Z','Tom Cox',NULL,'2025-10-23T14:02:31.603Z','2025-10-23T14:02:28.008Z','published','2025-10-23T14:02:31.736Z','2025-10-23T14:02:31.736Z',NULL,NULL,0);
INSERT INTO "_articles_v" VALUES(18,7,'third-article',20,NULL,'2025-10-23T13:54:21.151Z','Tom Cox',NULL,'2025-10-23T14:02:34.478Z','2025-10-23T14:02:28.008Z','published','2025-10-23T14:02:34.583Z','2025-10-23T14:02:34.583Z',NULL,NULL,1);
CREATE TABLE `_articles_v_locales` (
  	`version_title` text,
  	`version_intro` text,
  	`version_body` text,
  	`version_action_button` text,
  	`id` integer PRIMARY KEY NOT NULL,
  	`_locale` text NOT NULL,
  	`_parent_id` integer NOT NULL,
  	FOREIGN KEY (`_parent_id`) REFERENCES `_articles_v`(`id`) ON UPDATE no action ON DELETE cascade
  );
INSERT INTO "_articles_v_locales" VALUES('Featured Products','{"root":{"children":[{"children":[{"detail":0,"format":0,"mode":"normal","style":"","text":"here is the intro","type":"text","version":1}],"direction":null,"format":"","indent":0,"type":"paragraph","version":1,"textFormat":0,"textStyle":""}],"direction":null,"format":"","indent":0,"type":"root","version":1}}','{"root":{"children":[{"children":[{"detail":0,"format":0,"mode":"normal","style":"","text":"Featuring product","type":"text","version":1}],"direction":null,"format":"","indent":0,"type":"heading","version":1,"tag":"h2"},{"type":"block","version":2,"format":"","fields":{"id":"68f21c89b0b1fc9f91020caf","skus":[{"id":"68f21c986380c91ca02dd897","sku":"reed_small"},{"id":"68f21cc96380c91ca02dd898","sku":"CH_birdprotect"}],"blockName":"","blockType":"productRecommendations"}},{"children":[],"direction":null,"format":"","indent":0,"type":"heading","version":1,"tag":"h2"},{"children":[],"direction":null,"format":"","indent":0,"type":"paragraph","version":1,"textFormat":0,"textStyle":""}],"direction":null,"format":"","indent":0,"type":"root","version":1}}','Go home',1,'de',1);
INSERT INTO "_articles_v_locales" VALUES('Featured Products','{"root":{"children":[{"children":[{"detail":0,"format":0,"mode":"normal","style":"","text":"here is the intro","type":"text","version":1}],"direction":null,"format":"","indent":0,"type":"paragraph","version":1,"textFormat":0,"textStyle":""}],"direction":null,"format":"","indent":0,"type":"root","version":1}}','{"root":{"children":[{"children":[{"detail":0,"format":0,"mode":"normal","style":"","text":"Featuring product","type":"text","version":1}],"direction":null,"format":"","indent":0,"type":"heading","version":1,"tag":"h2"},{"type":"block","version":2,"format":"","fields":{"id":"68f21c89b0b1fc9f91020caf","skus":[{"id":"68f21c986380c91ca02dd897","sku":"reed_small"},{"id":"68f21cc96380c91ca02dd898","sku":"CH_birdprotect"}],"blockName":"","blockType":"productRecommendations"}},{"children":[],"direction":null,"format":"","indent":0,"type":"heading","version":1,"tag":"h2"},{"children":[],"direction":null,"format":"","indent":0,"type":"paragraph","version":1,"textFormat":0,"textStyle":""}],"direction":null,"format":"","indent":0,"type":"root","version":1}}','Go home',2,'en',2);
INSERT INTO "_articles_v_locales" VALUES('Featured Products','{"root":{"children":[{"children":[{"detail":0,"format":0,"mode":"normal","style":"","text":"here is the intro","type":"text","version":1}],"direction":null,"format":"","indent":0,"type":"paragraph","version":1,"textFormat":0,"textStyle":""}],"direction":null,"format":"","indent":0,"type":"root","version":1}}','{"root":{"children":[{"children":[{"detail":0,"format":0,"mode":"normal","style":"","text":"Featuring product","type":"text","version":1}],"direction":null,"format":"","indent":0,"type":"heading","version":1,"tag":"h2"},{"type":"block","version":2,"format":"","fields":{"id":"68f21c89b0b1fc9f91020caf","skus":[{"id":"68f21c986380c91ca02dd897","sku":"reed_small"},{"id":"68f21cc96380c91ca02dd898","sku":"CH_birdprotect"}],"blockName":"","blockType":"productRecommendations"}},{"children":[],"direction":null,"format":"","indent":0,"type":"heading","version":1,"tag":"h2"},{"children":[],"direction":null,"format":"","indent":0,"type":"paragraph","version":1,"textFormat":0,"textStyle":""}],"direction":null,"format":"","indent":0,"type":"root","version":1}}','Go home',3,'de',2);
INSERT INTO "_articles_v_locales" VALUES('Featured Products','{"root":{"children":[{"children":[{"detail":0,"format":0,"mode":"normal","style":"","text":"here is the intro","type":"text","version":1}],"direction":null,"format":"","indent":0,"type":"paragraph","version":1,"textFormat":0,"textStyle":""}],"direction":null,"format":"","indent":0,"type":"root","version":1}}','{"root":{"children":[{"children":[{"detail":0,"format":0,"mode":"normal","style":"","text":"Featuring product","type":"text","version":1}],"direction":null,"format":"","indent":0,"type":"heading","version":1,"tag":"h2"},{"type":"block","version":2,"format":"","fields":{"id":"68f21c89b0b1fc9f91020caf","skus":[{"id":"68f21c986380c91ca02dd897","sku":"reed_small"},{"id":"68f21cc96380c91ca02dd898","sku":"CH_birdprotect"}],"blockName":"","blockType":"productRecommendations"}},{"children":[],"direction":null,"format":"","indent":0,"type":"heading","version":1,"tag":"h2"},{"children":[],"direction":null,"format":"","indent":0,"type":"paragraph","version":1,"textFormat":0,"textStyle":""}],"direction":null,"format":"","indent":0,"type":"root","version":1}}','Go home',4,'en',3);
INSERT INTO "_articles_v_locales" VALUES('Produits en Vedette','{"root":{"children":[{"children":[{"detail":0,"format":0,"mode":"normal","style":"","text":"voici l''intro","type":"text","version":1}],"direction":null,"format":"","indent":0,"type":"paragraph","version":1,"textFormat":0,"textStyle":""}],"direction":null,"format":"","indent":0,"type":"root","version":1}}','{"root":{"children":[{"children":[{"detail":0,"format":0,"mode":"normal","style":"","text":"Mettant en vedette le produit","type":"text","version":1}],"direction":null,"format":"","indent":0,"type":"heading","version":1,"tag":"h2"},{"type":"block","version":2,"format":"","fields":{"id":"68f21c89b0b1fc9f91020caf","skus":[{"id":"68f21c986380c91ca02dd897","sku":"reed_small"},{"id":"68f21cc96380c91ca02dd898","sku":"CH_birdprotect"}],"blockName":"","blockType":"productRecommendations"}},{"children":[],"direction":null,"format":"","indent":0,"type":"heading","version":1,"tag":"h2"},{"children":[],"direction":null,"format":"","indent":0,"type":"paragraph","version":1,"textFormat":0,"textStyle":""}],"direction":null,"format":"","indent":0,"type":"root","version":1}}','Aller à l''accueil',5,'fr',3);
INSERT INTO "_articles_v_locales" VALUES('Featured Products','{"root":{"children":[{"children":[{"detail":0,"format":0,"mode":"normal","style":"","text":"here is the intro","type":"text","version":1}],"direction":null,"format":"","indent":0,"type":"paragraph","version":1,"textFormat":0,"textStyle":""}],"direction":null,"format":"","indent":0,"type":"root","version":1}}','{"root":{"children":[{"children":[{"detail":0,"format":0,"mode":"normal","style":"","text":"Featuring product","type":"text","version":1}],"direction":null,"format":"","indent":0,"type":"heading","version":1,"tag":"h2"},{"type":"block","version":2,"format":"","fields":{"id":"68f21c89b0b1fc9f91020caf","skus":[{"id":"68f21c986380c91ca02dd897","sku":"reed_small"},{"id":"68f21cc96380c91ca02dd898","sku":"CH_birdprotect"}],"blockName":"","blockType":"productRecommendations"}},{"children":[],"direction":null,"format":"","indent":0,"type":"heading","version":1,"tag":"h2"},{"children":[],"direction":null,"format":"","indent":0,"type":"paragraph","version":1,"textFormat":0,"textStyle":""}],"direction":null,"format":"","indent":0,"type":"root","version":1}}','Go home',6,'de',3);
INSERT INTO "_articles_v_locales" VALUES('Featured Products','{"root":{"children":[{"children":[{"detail":0,"format":0,"mode":"normal","style":"","text":"here is the intro","type":"text","version":1}],"direction":null,"format":"","indent":0,"type":"paragraph","version":1,"textFormat":0,"textStyle":""}],"direction":null,"format":"","indent":0,"type":"root","version":1}}','{"root":{"children":[{"children":[{"detail":0,"format":0,"mode":"normal","style":"","text":"Featuring product","type":"text","version":1}],"direction":null,"format":"","indent":0,"type":"heading","version":1,"tag":"h2"},{"type":"block","version":2,"format":"","fields":{"id":"68f21c89b0b1fc9f91020caf","skus":[{"id":"68f21c986380c91ca02dd897","sku":"reed_small"},{"id":"68f21cc96380c91ca02dd898","sku":"CH_birdprotect"}],"blockName":"","blockType":"productRecommendations"}},{"children":[],"direction":null,"format":"","indent":0,"type":"heading","version":1,"tag":"h2"},{"children":[],"direction":null,"format":"","indent":0,"type":"paragraph","version":1,"textFormat":0,"textStyle":""}],"direction":null,"format":"","indent":0,"type":"root","version":1}}','Go home',7,'en',4);
INSERT INTO "_articles_v_locales" VALUES('Produits en Vedette','{"root":{"children":[{"children":[{"detail":0,"format":0,"mode":"normal","style":"","text":"voici l''intro","type":"text","version":1}],"direction":null,"format":"","indent":0,"type":"paragraph","version":1,"textFormat":0,"textStyle":""}],"direction":null,"format":"","indent":0,"type":"root","version":1}}','{"root":{"children":[{"children":[{"detail":0,"format":0,"mode":"normal","style":"","text":"Mettant en vedette le produit","type":"text","version":1}],"direction":null,"format":"","indent":0,"type":"heading","version":1,"tag":"h2"},{"type":"block","version":2,"format":"","fields":{"id":"68f21c89b0b1fc9f91020caf","skus":[{"id":"68f21c986380c91ca02dd897","sku":"reed_small"},{"id":"68f21cc96380c91ca02dd898","sku":"CH_birdprotect"}],"blockName":"","blockType":"productRecommendations"}},{"children":[],"direction":null,"format":"","indent":0,"type":"heading","version":1,"tag":"h2"},{"children":[],"direction":null,"format":"","indent":0,"type":"paragraph","version":1,"textFormat":0,"textStyle":""}],"direction":null,"format":"","indent":0,"type":"root","version":1}}','Aller à l''accueil',8,'fr',4);
INSERT INTO "_articles_v_locales" VALUES('Featured Products','{"root":{"children":[{"children":[{"detail":0,"format":0,"mode":"normal","style":"","text":"here is the intro","type":"text","version":1}],"direction":null,"format":"","indent":0,"type":"paragraph","version":1,"textFormat":0,"textStyle":""}],"direction":null,"format":"","indent":0,"type":"root","version":1}}','{"root":{"children":[{"children":[{"detail":0,"format":0,"mode":"normal","style":"","text":"Featuring product","type":"text","version":1}],"direction":null,"format":"","indent":0,"type":"heading","version":1,"tag":"h2"},{"type":"block","version":2,"format":"","fields":{"id":"68f21c89b0b1fc9f91020caf","skus":[{"id":"68f21cc96380c91ca02dd898","sku":"CH_birdprotect"},{"id":"68f21c986380c91ca02dd897","sku":"reed_small"}],"blockName":"","blockType":"productRecommendations"}},{"children":[],"direction":null,"format":"","indent":0,"type":"heading","version":1,"tag":"h2"},{"children":[],"direction":null,"format":"","indent":0,"type":"paragraph","version":1,"textFormat":0,"textStyle":""}],"direction":null,"format":"","indent":0,"type":"root","version":1}}','Go home',9,'de',4);
INSERT INTO "_articles_v_locales" VALUES('Featured Products','{"root":{"children":[{"children":[{"detail":0,"format":0,"mode":"normal","style":"","text":"here is the intro","type":"text","version":1}],"direction":null,"format":"","indent":0,"type":"paragraph","version":1,"textFormat":0,"textStyle":""}],"direction":null,"format":"","indent":0,"type":"root","version":1}}','{"root":{"children":[{"children":[{"detail":0,"format":0,"mode":"normal","style":"","text":"Featuring product","type":"text","version":1}],"direction":null,"format":"","indent":0,"type":"heading","version":1,"tag":"h2"},{"type":"block","version":2,"format":"","fields":{"id":"68f21c89b0b1fc9f91020caf","skus":[{"id":"68f21c986380c91ca02dd897","sku":"reed_small"},{"id":"68f21cc96380c91ca02dd898","sku":"CH_birdprotect"}],"blockName":"","blockType":"productRecommendations"}},{"children":[],"direction":null,"format":"","indent":0,"type":"heading","version":1,"tag":"h2"},{"children":[],"direction":null,"format":"","indent":0,"type":"paragraph","version":1,"textFormat":0,"textStyle":""}],"direction":null,"format":"","indent":0,"type":"root","version":1}}','Go home',10,'en',5);
INSERT INTO "_articles_v_locales" VALUES('Produits en Vedette','{"root":{"children":[{"children":[{"detail":0,"format":0,"mode":"normal","style":"","text":"voici l''intro","type":"text","version":1}],"direction":null,"format":"","indent":0,"type":"paragraph","version":1,"textFormat":0,"textStyle":""}],"direction":null,"format":"","indent":0,"type":"root","version":1}}','{"root":{"children":[{"children":[{"detail":0,"format":0,"mode":"normal","style":"","text":"Mettant en vedette le produit","type":"text","version":1}],"direction":null,"format":"","indent":0,"type":"heading","version":1,"tag":"h2"},{"type":"block","version":2,"format":"","fields":{"id":"68f21c89b0b1fc9f91020caf","skus":[{"id":"68f21c986380c91ca02dd897","sku":"reed_small"},{"id":"68f21cc96380c91ca02dd898","sku":"CH_birdprotect"}],"blockName":"","blockType":"productRecommendations"}},{"children":[],"direction":null,"format":"","indent":0,"type":"heading","version":1,"tag":"h2"},{"children":[],"direction":null,"format":"","indent":0,"type":"paragraph","version":1,"textFormat":0,"textStyle":""}],"direction":null,"format":"","indent":0,"type":"root","version":1}}','Aller à l''accueil',11,'fr',5);
INSERT INTO "_articles_v_locales" VALUES('Featured Products','{"root":{"children":[{"children":[{"detail":0,"format":0,"mode":"normal","style":"","text":"here is the intro","type":"text","version":1}],"direction":null,"format":"","indent":0,"type":"paragraph","version":1,"textFormat":0,"textStyle":""}],"direction":null,"format":"","indent":0,"type":"root","version":1}}','{"root":{"children":[{"children":[{"detail":0,"format":0,"mode":"normal","style":"","text":"Featuring product","type":"text","version":1}],"direction":null,"format":"","indent":0,"type":"heading","version":1,"tag":"h2"},{"type":"block","version":2,"format":"","fields":{"id":"68f21c89b0b1fc9f91020caf","skus":[{"id":"68f21c986380c91ca02dd897","sku":"reed_small"},{"id":"68f21cc96380c91ca02dd898","sku":"CH_birdprotect"}],"blockName":"","blockType":"productRecommendations"}},{"children":[],"direction":null,"format":"","indent":0,"type":"heading","version":1,"tag":"h2"},{"children":[],"direction":null,"format":"","indent":0,"type":"paragraph","version":1,"textFormat":0,"textStyle":""}],"direction":null,"format":"","indent":0,"type":"root","version":1}}','Go home',12,'de',5);
INSERT INTO "_articles_v_locales" VALUES('Featured Products','{"root":{"children":[{"children":[{"detail":0,"format":0,"mode":"normal","style":"","text":"here is the intro","type":"text","version":1}],"direction":null,"format":"","indent":0,"type":"paragraph","version":1,"textFormat":0,"textStyle":""}],"direction":null,"format":"","indent":0,"type":"root","version":1}}','{"root":{"children":[{"children":[{"detail":0,"format":0,"mode":"normal","style":"","text":"Featuring product","type":"text","version":1}],"direction":null,"format":"","indent":0,"type":"heading","version":1,"tag":"h2"},{"type":"block","version":2,"format":"","fields":{"id":"68f21c89b0b1fc9f91020caf","skus":[{"id":"68f21c986380c91ca02dd897","sku":"reed_small"},{"id":"68f21cc96380c91ca02dd898","sku":"CH_birdprotect"}],"blockName":"","blockType":"productRecommendations"}},{"children":[],"direction":null,"format":"","indent":0,"type":"heading","version":1,"tag":"h2"},{"children":[],"direction":null,"format":"","indent":0,"type":"paragraph","version":1,"textFormat":0,"textStyle":""}],"direction":null,"format":"","indent":0,"type":"root","version":1}}','Go home',13,'en',6);
INSERT INTO "_articles_v_locales" VALUES('Produits en Vedette','{"root":{"children":[{"children":[{"detail":0,"format":0,"mode":"normal","style":"","text":"voici l''intro","type":"text","version":1}],"direction":null,"format":"","indent":0,"type":"paragraph","version":1,"textFormat":0,"textStyle":""}],"direction":null,"format":"","indent":0,"type":"root","version":1}}','{"root":{"children":[{"children":[{"detail":0,"format":0,"mode":"normal","style":"","text":"Mettant en vedette le produit","type":"text","version":1}],"direction":null,"format":"","indent":0,"type":"heading","version":1,"tag":"h2"},{"type":"block","version":2,"format":"","fields":{"id":"68f21c89b0b1fc9f91020caf","skus":[{"id":"68f21c986380c91ca02dd897","sku":"reed_small"},{"id":"68f21cc96380c91ca02dd898","sku":"CH_birdprotect"}],"blockName":"","blockType":"productRecommendations"}},{"children":[],"direction":null,"format":"","indent":0,"type":"heading","version":1,"tag":"h2"},{"children":[],"direction":null,"format":"","indent":0,"type":"paragraph","version":1,"textFormat":0,"textStyle":""}],"direction":null,"format":"","indent":0,"type":"root","version":1}}','Aller à l''accueil',14,'fr',6);
INSERT INTO "_articles_v_locales" VALUES('Featured Products','{"root":{"children":[{"children":[{"detail":0,"format":0,"mode":"normal","style":"","text":"here is the intro","type":"text","version":1}],"direction":null,"format":"","indent":0,"type":"paragraph","version":1,"textFormat":0,"textStyle":""}],"direction":null,"format":"","indent":0,"type":"root","version":1}}','{"root":{"children":[{"children":[{"detail":0,"format":0,"mode":"normal","style":"","text":"Featuring product","type":"text","version":1}],"direction":null,"format":"","indent":0,"type":"heading","version":1,"tag":"h2"},{"type":"block","version":2,"format":"","fields":{"id":"68f21c89b0b1fc9f91020caf","skus":[{"id":"68f21c986380c91ca02dd897","sku":"reed_small"},{"id":"68f21cc96380c91ca02dd898","sku":"CH_birdprotect"}],"blockName":"","blockType":"productRecommendations"}},{"children":[],"direction":null,"format":"","indent":0,"type":"heading","version":1,"tag":"h2"},{"children":[],"direction":null,"format":"","indent":0,"type":"paragraph","version":1,"textFormat":0,"textStyle":""}],"direction":null,"format":"","indent":0,"type":"root","version":1}}','Go home',15,'de',6);
INSERT INTO "_articles_v_locales" VALUES('Featured Products','{"root":{"children":[{"children":[{"detail":0,"format":0,"mode":"normal","style":"","text":"here is the intro","type":"text","version":1}],"direction":null,"format":"","indent":0,"type":"paragraph","version":1,"textFormat":0,"textStyle":""}],"direction":null,"format":"","indent":0,"type":"root","version":1}}','{"root":{"children":[{"children":[{"detail":0,"format":0,"mode":"normal","style":"","text":"Featuring product","type":"text","version":1}],"direction":null,"format":"","indent":0,"type":"heading","version":1,"tag":"h2"},{"type":"block","version":2,"format":"","fields":{"id":"68f21c89b0b1fc9f91020caf","skus":[{"id":"68f21c986380c91ca02dd897","sku":"reed_small"},{"id":"68f21cc96380c91ca02dd898","sku":"CH_birdprotect"}],"blockName":"","blockType":"productRecommendations"}},{"children":[],"direction":null,"format":"","indent":0,"type":"heading","version":1,"tag":"h2"},{"children":[],"direction":null,"format":"","indent":0,"type":"paragraph","version":1,"textFormat":0,"textStyle":""}],"direction":null,"format":"","indent":0,"type":"root","version":1}}','Go home',16,'en',7);
INSERT INTO "_articles_v_locales" VALUES('Produits en Vedette','{"root":{"children":[{"children":[{"detail":0,"format":0,"mode":"normal","style":"","text":"voici l''intro","type":"text","version":1}],"direction":null,"format":"","indent":0,"type":"paragraph","version":1,"textFormat":0,"textStyle":""}],"direction":null,"format":"","indent":0,"type":"root","version":1}}','{"root":{"children":[{"children":[{"detail":0,"format":0,"mode":"normal","style":"","text":"Mettant en vedette le produit","type":"text","version":1}],"direction":null,"format":"","indent":0,"type":"heading","version":1,"tag":"h2"},{"type":"block","version":2,"format":"","fields":{"id":"68f21c89b0b1fc9f91020caf","skus":[{"id":"68f21c986380c91ca02dd897","sku":"reed_small"},{"id":"68f21cc96380c91ca02dd898","sku":"CH_birdprotect"}],"blockName":"","blockType":"productRecommendations"}},{"children":[],"direction":null,"format":"","indent":0,"type":"heading","version":1,"tag":"h2"},{"children":[],"direction":null,"format":"","indent":0,"type":"paragraph","version":1,"textFormat":0,"textStyle":""}],"direction":null,"format":"","indent":0,"type":"root","version":1}}','Aller à l''accueil',17,'fr',7);
INSERT INTO "_articles_v_locales" VALUES('Featured Products','{"root":{"children":[{"children":[{"detail":0,"format":0,"mode":"normal","style":"","text":"here is the intro","type":"text","version":1}],"direction":null,"format":"","indent":0,"type":"paragraph","version":1,"textFormat":0,"textStyle":""}],"direction":null,"format":"","indent":0,"type":"root","version":1}}','{"root":{"children":[{"children":[{"detail":0,"format":0,"mode":"normal","style":"","text":"Featuring product","type":"text","version":1}],"direction":null,"format":"","indent":0,"type":"heading","version":1,"tag":"h2"},{"children":[{"detail":0,"format":0,"mode":"normal","style":"","text":"this is a demo of the featured products block","type":"text","version":1}],"direction":null,"format":"","indent":0,"type":"paragraph","version":1,"textFormat":0,"textStyle":""},{"type":"block","version":2,"format":"","fields":{"id":"68f21c89b0b1fc9f91020caf","skus":[{"id":"68f21c986380c91ca02dd897","sku":"reed_small"},{"id":"68f21cc96380c91ca02dd898","sku":"CH_birdprotect"}],"blockName":"","blockType":"productRecommendations"}},{"children":[{"detail":0,"format":0,"mode":"normal","style":"","text":"It can clot in anywhere.","type":"text","version":1}],"direction":null,"format":"","indent":0,"type":"heading","version":1,"tag":"h3"},{"children":[{"detail":0,"format":0,"mode":"normal","style":"","text":"Pictures work to. lets chat styling.","type":"text","version":1}],"direction":null,"format":"","indent":0,"type":"paragraph","version":1,"textFormat":0,"textStyle":""},{"type":"upload","version":3,"format":"","id":"68f3483944537012d45edd04","fields":null,"relationTo":"media","value":10},{"children":[],"direction":null,"format":"","indent":0,"type":"paragraph","version":1,"textFormat":0,"textStyle":""}],"direction":null,"format":"","indent":0,"type":"root","version":1}}','Go home',18,'de',7);
INSERT INTO "_articles_v_locales" VALUES('Featured Products','{"root":{"children":[{"children":[{"detail":0,"format":0,"mode":"normal","style":"","text":"here is the intro","type":"text","version":1}],"direction":null,"format":"","indent":0,"type":"paragraph","version":1,"textFormat":0,"textStyle":""}],"direction":null,"format":"","indent":0,"type":"root","version":1}}','{"root":{"children":[{"children":[{"detail":0,"format":0,"mode":"normal","style":"","text":"Featuring product","type":"text","version":1}],"direction":null,"format":"","indent":0,"type":"heading","version":1,"tag":"h2"},{"type":"block","version":2,"format":"","fields":{"id":"68f21c89b0b1fc9f91020caf","skus":[{"id":"68f21c986380c91ca02dd897","sku":"reed_small"},{"id":"68f21cc96380c91ca02dd898","sku":"CH_birdprotect"}],"blockName":"","blockType":"productRecommendations"}},{"children":[],"direction":null,"format":"","indent":0,"type":"heading","version":1,"tag":"h2"},{"children":[],"direction":null,"format":"","indent":0,"type":"paragraph","version":1,"textFormat":0,"textStyle":""}],"direction":null,"format":"","indent":0,"type":"root","version":1}}','Go home',19,'en',8);
INSERT INTO "_articles_v_locales" VALUES('Produits en Vedette','{"root":{"children":[{"children":[{"detail":0,"format":0,"mode":"normal","style":"","text":"voici l''intro","type":"text","version":1}],"direction":null,"format":"","indent":0,"type":"paragraph","version":1,"textFormat":0,"textStyle":""}],"direction":null,"format":"","indent":0,"type":"root","version":1}}','{"root":{"children":[{"children":[{"detail":0,"format":0,"mode":"normal","style":"","text":"Mettant en vedette le produit","type":"text","version":1}],"direction":null,"format":"","indent":0,"type":"heading","version":1,"tag":"h2"},{"type":"block","version":2,"format":"","fields":{"id":"68f21c89b0b1fc9f91020caf","skus":[{"id":"68f21c986380c91ca02dd897","sku":"reed_small"},{"id":"68f21cc96380c91ca02dd898","sku":"CH_birdprotect"}],"blockName":"","blockType":"productRecommendations"}},{"children":[],"direction":null,"format":"","indent":0,"type":"heading","version":1,"tag":"h2"},{"children":[],"direction":null,"format":"","indent":0,"type":"paragraph","version":1,"textFormat":0,"textStyle":""}],"direction":null,"format":"","indent":0,"type":"root","version":1}}','Aller à l''accueil',20,'fr',8);
INSERT INTO "_articles_v_locales" VALUES('Featured Products','{"root":{"children":[{"children":[{"detail":0,"format":0,"mode":"normal","style":"","text":"here is the intro","type":"text","version":1}],"direction":null,"format":"","indent":0,"type":"paragraph","version":1,"textFormat":0,"textStyle":""}],"direction":null,"format":"","indent":0,"type":"root","version":1}}','{"root":{"children":[{"children":[{"detail":0,"format":0,"mode":"normal","style":"","text":"Featuring product","type":"text","version":1}],"direction":null,"format":"","indent":0,"type":"heading","version":1,"tag":"h2"},{"children":[{"detail":0,"format":0,"mode":"normal","style":"","text":"this is a demo of the featured products block","type":"text","version":1}],"direction":null,"format":"","indent":0,"type":"paragraph","version":1,"textFormat":0,"textStyle":""},{"type":"block","version":2,"format":"","fields":{"id":"68f21c89b0b1fc9f91020caf","skus":[{"id":"68f21c986380c91ca02dd897","sku":"reed_small"},{"id":"68f21cc96380c91ca02dd898","sku":"CH_birdprotect"}],"blockName":"","blockType":"productRecommendations"}},{"children":[{"detail":0,"format":0,"mode":"normal","style":"","text":"It can clot in anywhere.","type":"text","version":1}],"direction":null,"format":"","indent":0,"type":"heading","version":1,"tag":"h3"},{"children":[{"detail":0,"format":0,"mode":"normal","style":"","text":"Pictures work to. lets chat styling.","type":"text","version":1}],"direction":null,"format":"","indent":0,"type":"paragraph","version":1,"textFormat":0,"textStyle":""},{"type":"upload","version":3,"format":"","id":"68f3483944537012d45edd04","fields":null,"relationTo":"media","value":10},{"children":[],"direction":null,"format":"","indent":0,"type":"paragraph","version":1,"textFormat":0,"textStyle":""}],"direction":null,"format":"","indent":0,"type":"root","version":1}}','Go to my Beehomes',21,'de',8);
INSERT INTO "_articles_v_locales" VALUES('Featured Products','{"root":{"children":[{"children":[{"detail":0,"format":0,"mode":"normal","style":"","text":"here is the intro","type":"text","version":1}],"direction":null,"format":"","indent":0,"type":"paragraph","version":1,"textFormat":0,"textStyle":""}],"direction":null,"format":"","indent":0,"type":"root","version":1}}','{"root":{"children":[{"children":[{"detail":0,"format":0,"mode":"normal","style":"","text":"Featuring product","type":"text","version":1}],"direction":null,"format":"","indent":0,"type":"heading","version":1,"tag":"h2"},{"type":"block","version":2,"format":"","fields":{"id":"68f21c89b0b1fc9f91020caf","skus":[{"id":"68f21c986380c91ca02dd897","sku":"reed_small"},{"id":"68f21cc96380c91ca02dd898","sku":"CH_birdprotect"}],"blockName":"","blockType":"productRecommendations"}},{"children":[],"direction":null,"format":"","indent":0,"type":"heading","version":1,"tag":"h2"},{"children":[],"direction":null,"format":"","indent":0,"type":"paragraph","version":1,"textFormat":0,"textStyle":""}],"direction":null,"format":"","indent":0,"type":"root","version":1}}','Go home',22,'en',9);
INSERT INTO "_articles_v_locales" VALUES('Produits en Vedette','{"root":{"children":[{"children":[{"detail":0,"format":0,"mode":"normal","style":"","text":"voici l''intro","type":"text","version":1}],"direction":null,"format":"","indent":0,"type":"paragraph","version":1,"textFormat":0,"textStyle":""}],"direction":null,"format":"","indent":0,"type":"root","version":1}}','{"root":{"children":[{"children":[{"detail":0,"format":0,"mode":"normal","style":"","text":"Mettant en vedette le produit","type":"text","version":1}],"direction":null,"format":"","indent":0,"type":"heading","version":1,"tag":"h2"},{"type":"block","version":2,"format":"","fields":{"id":"68f21c89b0b1fc9f91020caf","skus":[{"id":"68f21c986380c91ca02dd897","sku":"reed_small"},{"id":"68f21cc96380c91ca02dd898","sku":"CH_birdprotect"}],"blockName":"","blockType":"productRecommendations"}},{"children":[],"direction":null,"format":"","indent":0,"type":"heading","version":1,"tag":"h2"},{"children":[],"direction":null,"format":"","indent":0,"type":"paragraph","version":1,"textFormat":0,"textStyle":""}],"direction":null,"format":"","indent":0,"type":"root","version":1}}','Aller à l''accueil',23,'fr',9);
INSERT INTO "_articles_v_locales" VALUES('Featured Products','{"root":{"children":[{"children":[{"detail":0,"format":0,"mode":"normal","style":"","text":"here is the intro","type":"text","version":1}],"direction":null,"format":"","indent":0,"type":"paragraph","version":1,"textFormat":0,"textStyle":""}],"direction":null,"format":"","indent":0,"type":"root","version":1}}','{"root":{"children":[{"children":[{"detail":0,"format":0,"mode":"normal","style":"","text":"Featuring product","type":"text","version":1}],"direction":null,"format":"","indent":0,"type":"heading","version":1,"tag":"h2"},{"children":[{"detail":0,"format":0,"mode":"normal","style":"","text":"this is a demo of the featured products block","type":"text","version":1}],"direction":null,"format":"","indent":0,"type":"paragraph","version":1,"textFormat":0,"textStyle":""},{"type":"block","version":2,"format":"","fields":{"id":"68f21c89b0b1fc9f91020caf","skus":[{"id":"68f21c986380c91ca02dd897","sku":"reed_small"},{"id":"68f21cc96380c91ca02dd898","sku":"CH_birdprotect"}],"blockName":"","blockType":"productRecommendations"}},{"children":[{"detail":0,"format":0,"mode":"normal","style":"","text":"It can clot in anywhere.","type":"text","version":1}],"direction":null,"format":"","indent":0,"type":"heading","version":1,"tag":"h3"},{"children":[{"detail":0,"format":0,"mode":"normal","style":"","text":"Pictures work to. lets chat styling.","type":"text","version":1}],"direction":null,"format":"","indent":0,"type":"paragraph","version":1,"textFormat":0,"textStyle":""},{"type":"upload","version":3,"format":"","id":"68f3483944537012d45edd04","fields":null,"relationTo":"media","value":10},{"children":[],"direction":null,"format":"","indent":0,"type":"paragraph","version":1,"textFormat":0,"textStyle":""}],"direction":null,"format":"","indent":0,"type":"root","version":1}}','Go to my Beehomes',24,'de',9);
INSERT INTO "_articles_v_locales" VALUES('Release notes 19.10.25','{"root":{"children":[{"children":[{"detail":0,"format":0,"mode":"normal","style":"","text":"Small updates and refinements on notifications and artcles.","type":"text","version":1}],"direction":null,"format":"","indent":0,"type":"paragraph","version":1,"textFormat":0,"textStyle":""}],"direction":null,"format":"","indent":0,"type":"root","version":1}}','{"root":{"children":[{"children":[{"detail":0,"format":0,"mode":"normal","style":"","text":"What to test:","type":"text","version":1}],"direction":null,"format":"","indent":0,"type":"paragraph","version":1,"textFormat":0,"textStyle":""},{"children":[{"detail":0,"format":0,"mode":"normal","style":"","text":"Articles","type":"text","version":1}],"direction":null,"format":"","indent":0,"type":"heading","version":1,"tag":"h4"},{"children":[{"children":[{"detail":0,"format":0,"mode":"normal","style":"","text":"Articles include images via the cms","type":"text","version":1}],"direction":null,"format":"","indent":0,"type":"listitem","version":1,"checked":false,"value":1},{"children":[{"detail":0,"format":0,"mode":"normal","style":"","text":"Articles include featured products (SKU from shopify)","type":"text","version":1}],"direction":null,"format":"","indent":0,"type":"listitem","version":1,"checked":false,"value":2},{"children":[{"detail":0,"format":0,"mode":"normal","style":"","text":"Articles include photos.","type":"text","version":1}],"direction":null,"format":"","indent":0,"type":"listitem","version":1,"checked":false,"value":3},{"children":[{"detail":0,"format":0,"mode":"normal","style":"","text":"Article action buttons are dynamically set in the cms","type":"text","version":1}],"direction":null,"format":"","indent":0,"type":"listitem","version":1,"checked":false,"value":4}],"direction":null,"format":"","indent":0,"type":"list","version":1,"listType":"check","start":1,"tag":"ul"},{"children":[{"detail":0,"format":0,"mode":"normal","style":"","text":"Notifications","type":"text","version":1}],"direction":null,"format":"","indent":0,"type":"heading","version":1,"tag":"h4"},{"children":[{"children":[{"detail":0,"format":0,"mode":"normal","style":"","text":"Push notifications working.","type":"text","version":1}],"direction":null,"format":"","indent":0,"type":"listitem","version":1,"checked":false,"value":1},{"children":[{"detail":0,"format":0,"mode":"normal","style":"","text":"in App notifications dismiss button works","type":"text","version":1}],"direction":null,"format":"","indent":0,"type":"listitem","version":1,"checked":false,"value":2},{"children":[{"detail":0,"format":0,"mode":"normal","style":"","text":"No flickering on Dismissal.","type":"text","version":1}],"direction":null,"format":"","indent":0,"type":"listitem","version":1,"checked":false,"value":3}],"direction":null,"format":"","indent":0,"type":"list","version":1,"listType":"check","start":1,"tag":"ul"},{"children":[{"detail":0,"format":0,"mode":"normal","style":"","text":"Map","type":"text","version":1}],"direction":null,"format":"","indent":0,"type":"heading","version":1,"tag":"h4"},{"children":[{"children":[{"detail":0,"format":0,"mode":"normal","style":"","text":"Quicker loading time (no longer waits for user loaction before display, we now load the map first the ''fly'' to the users notification when available).","type":"text","version":1}],"direction":null,"format":"","indent":0,"type":"listitem","version":1,"checked":false,"value":1}],"direction":null,"format":"","indent":0,"type":"list","version":1,"listType":"check","start":1,"tag":"ul"},{"children":[{"detail":0,"format":0,"mode":"normal","style":"","text":"CMS","type":"text","version":1}],"direction":null,"format":"","indent":0,"type":"heading","version":1,"tag":"h4"},{"children":[{"children":[{"detail":0,"format":0,"mode":"normal","style":"","text":"Drafts feature","type":"text","version":1}],"direction":null,"format":"","indent":0,"type":"listitem","version":1,"checked":false,"value":1},{"children":[{"detail":0,"format":0,"mode":"normal","style":"","text":"Improvements to auto translations","type":"text","version":1}],"direction":null,"format":"","indent":0,"type":"listitem","version":1,"checked":false,"value":2},{"children":[{"detail":0,"format":0,"mode":"normal","style":"","text":"General additions and refinements to content sections.","type":"text","version":1}],"direction":null,"format":"","indent":0,"type":"listitem","version":1,"checked":false,"value":3}],"direction":null,"format":"","indent":0,"type":"list","version":1,"listType":"check","start":1,"tag":"ul"},{"children":[],"direction":null,"format":"","indent":0,"type":"paragraph","version":1,"textFormat":0,"textStyle":""},{"children":[{"detail":0,"format":0,"mode":"normal","style":"","text":"Whats Next","type":"text","version":1}],"direction":null,"format":"","indent":0,"type":"heading","version":1,"tag":"h2"},{"children":[{"children":[{"detail":0,"format":0,"mode":"normal","style":"","text":"Spaces section","type":"text","version":1}],"direction":null,"format":"","indent":0,"type":"listitem","version":1,"value":1},{"children":[{"detail":0,"format":0,"mode":"normal","style":"","text":"Map dynamically loading spaces.","type":"text","version":1}],"direction":null,"format":"","indent":0,"type":"listitem","version":1,"value":2},{"children":[{"detail":0,"format":0,"mode":"normal","style":"","text":"Enhanced FTUE connected to spaces","type":"text","version":1}],"direction":null,"format":"","indent":0,"type":"listitem","version":1,"value":3},{"children":[{"detail":0,"format":0,"mode":"normal","style":"","text":"Spaces displayed on the homepage","type":"text","version":1}],"direction":null,"format":"","indent":0,"type":"listitem","version":1,"value":4}],"direction":null,"format":"","indent":0,"type":"list","version":1,"listType":"bullet","start":1,"tag":"ul"}],"direction":null,"format":"","indent":0,"type":"root","version":1}}','Check out the map',25,'en',10);
INSERT INTO "_articles_v_locales" VALUES('Release notes 19.10.25','{"root":{"children":[{"children":[{"detail":0,"format":0,"mode":"normal","style":"","text":"Small updates and refinements on notifications and artcles.","type":"text","version":1}],"direction":null,"format":"","indent":0,"type":"paragraph","version":1,"textFormat":0,"textStyle":""}],"direction":null,"format":"","indent":0,"type":"root","version":1}}','{"root":{"children":[{"children":[{"detail":0,"format":0,"mode":"normal","style":"","text":"What to test:","type":"text","version":1}],"direction":null,"format":"","indent":0,"type":"paragraph","version":1,"textFormat":0,"textStyle":""},{"children":[{"detail":0,"format":0,"mode":"normal","style":"","text":"Articles","type":"text","version":1}],"direction":null,"format":"","indent":0,"type":"heading","version":1,"tag":"h4"},{"children":[{"children":[{"detail":0,"format":0,"mode":"normal","style":"","text":"Articles include images via the cms","type":"text","version":1}],"direction":null,"format":"","indent":0,"type":"listitem","version":1,"checked":false,"value":1},{"children":[{"detail":0,"format":0,"mode":"normal","style":"","text":"Articles include featured products (SKU from shopify)","type":"text","version":1}],"direction":null,"format":"","indent":0,"type":"listitem","version":1,"checked":false,"value":2},{"children":[{"detail":0,"format":0,"mode":"normal","style":"","text":"Articles include photos.","type":"text","version":1}],"direction":null,"format":"","indent":0,"type":"listitem","version":1,"checked":false,"value":3},{"children":[{"detail":0,"format":0,"mode":"normal","style":"","text":"Article action buttons are dynamically set in the cms","type":"text","version":1}],"direction":null,"format":"","indent":0,"type":"listitem","version":1,"checked":false,"value":4}],"direction":null,"format":"","indent":0,"type":"list","version":1,"listType":"check","start":1,"tag":"ul"},{"children":[{"detail":0,"format":0,"mode":"normal","style":"","text":"Notifications","type":"text","version":1}],"direction":null,"format":"","indent":0,"type":"heading","version":1,"tag":"h4"},{"children":[{"children":[{"detail":0,"format":0,"mode":"normal","style":"","text":"Push notifications working.","type":"text","version":1}],"direction":null,"format":"","indent":0,"type":"listitem","version":1,"checked":false,"value":1},{"children":[{"detail":0,"format":0,"mode":"normal","style":"","text":"in App notifications dismiss button works","type":"text","version":1}],"direction":null,"format":"","indent":0,"type":"listitem","version":1,"checked":false,"value":2},{"children":[{"detail":0,"format":0,"mode":"normal","style":"","text":"No flickering on Dismissal.","type":"text","version":1}],"direction":null,"format":"","indent":0,"type":"listitem","version":1,"checked":false,"value":3}],"direction":null,"format":"","indent":0,"type":"list","version":1,"listType":"check","start":1,"tag":"ul"},{"children":[{"detail":0,"format":0,"mode":"normal","style":"","text":"Map","type":"text","version":1}],"direction":null,"format":"","indent":0,"type":"heading","version":1,"tag":"h4"},{"children":[{"children":[{"detail":0,"format":0,"mode":"normal","style":"","text":"Quicker loading time (no longer waits for user loaction before display, we now load the map first the ''fly'' to the users notification when available).","type":"text","version":1}],"direction":null,"format":"","indent":0,"type":"listitem","version":1,"checked":false,"value":1}],"direction":null,"format":"","indent":0,"type":"list","version":1,"listType":"check","start":1,"tag":"ul"},{"children":[{"detail":0,"format":0,"mode":"normal","style":"","text":"CMS","type":"text","version":1}],"direction":null,"format":"","indent":0,"type":"heading","version":1,"tag":"h4"},{"children":[{"children":[{"detail":0,"format":0,"mode":"normal","style":"","text":"Drafts feature","type":"text","version":1}],"direction":null,"format":"","indent":0,"type":"listitem","version":1,"checked":false,"value":1},{"children":[{"detail":0,"format":0,"mode":"normal","style":"","text":"Improvements to auto translations","type":"text","version":1}],"direction":null,"format":"","indent":0,"type":"listitem","version":1,"checked":false,"value":2},{"children":[{"detail":0,"format":0,"mode":"normal","style":"","text":"General additions and refinements to content sections.","type":"text","version":1}],"direction":null,"format":"","indent":0,"type":"listitem","version":1,"checked":false,"value":3}],"direction":null,"format":"","indent":0,"type":"list","version":1,"listType":"check","start":1,"tag":"ul"},{"children":[],"direction":null,"format":"","indent":0,"type":"paragraph","version":1,"textFormat":0,"textStyle":""},{"children":[{"detail":0,"format":0,"mode":"normal","style":"","text":"Whats Next","type":"text","version":1}],"direction":null,"format":"","indent":0,"type":"heading","version":1,"tag":"h2"},{"children":[{"children":[{"detail":0,"format":0,"mode":"normal","style":"","text":"Spaces section","type":"text","version":1}],"direction":null,"format":"","indent":0,"type":"listitem","version":1,"value":1},{"children":[{"detail":0,"format":0,"mode":"normal","style":"","text":"Map dynamically loading spaces.","type":"text","version":1}],"direction":null,"format":"","indent":0,"type":"listitem","version":1,"value":2},{"children":[{"detail":0,"format":0,"mode":"normal","style":"","text":"Enhanced FTUE connected to spaces","type":"text","version":1}],"direction":null,"format":"","indent":0,"type":"listitem","version":1,"value":3},{"children":[{"detail":0,"format":0,"mode":"normal","style":"","text":"Spaces displayed on the homepage","type":"text","version":1}],"direction":null,"format":"","indent":0,"type":"listitem","version":1,"value":4}],"direction":null,"format":"","indent":0,"type":"list","version":1,"listType":"bullet","start":1,"tag":"ul"}],"direction":null,"format":"","indent":0,"type":"root","version":1}}','Check out the map',26,'en',11);
INSERT INTO "_articles_v_locales" VALUES('Notes de version 19.10.25','{"root":{"children":[{"children":[{"detail":0,"format":0,"mode":"normal","style":"","text":"Petites mises à jour et améliorations sur les notifications et les articles.","type":"text","version":1}],"direction":null,"format":"","indent":0,"type":"paragraph","version":1,"textFormat":0,"textStyle":""}],"direction":null,"format":"","indent":0,"type":"root","version":1}}','{"root":{"children":[{"children":[{"detail":0,"format":0,"mode":"normal","style":"","text":"À tester : Articles Les articles incluent des images via le cms Les articles incluent des produits vedettes (SKU de shopify) Les articles incluent des photos. Les boutons d''action des articles sont définis dynamiquement dans le cms Notifications Les notifications push fonctionnent. Le bouton de rejet des notifications dans l''application fonctionne Aucun scintillement lors du rejet. Carte Temps de chargement plus rapide (n''attend plus la localisation de l''utilisateur avant l''affichage, nous chargeons d''abord la carte puis ''volons'' vers la notification de l''utilisateur lorsqu''elle est disponible). CMS Fonction de brouillons Améliorations des traductions automatiques Ajouts généraux et améliorations des sections de contenu. Prochaines étapes Section Espaces Carte chargeant dynamiquement les espaces. FTUE amélioré connecté aux espaces Espaces affichés sur la page d''accueil","type":"text","version":1}],"direction":null,"format":"","indent":0,"type":"paragraph","version":1,"textFormat":0,"textStyle":""},{"children":[{"detail":0,"format":0,"mode":"normal","style":"","text":"","type":"text","version":1}],"direction":null,"format":"","indent":0,"type":"heading","version":1,"tag":"h4"},{"children":[{"children":[{"detail":0,"format":0,"mode":"normal","style":"","text":"","type":"text","version":1}],"direction":null,"format":"","indent":0,"type":"listitem","version":1,"checked":false,"value":1},{"children":[{"detail":0,"format":0,"mode":"normal","style":"","text":"","type":"text","version":1}],"direction":null,"format":"","indent":0,"type":"listitem","version":1,"checked":false,"value":2},{"children":[{"detail":0,"format":0,"mode":"normal","style":"","text":"","type":"text","version":1}],"direction":null,"format":"","indent":0,"type":"listitem","version":1,"checked":false,"value":3},{"children":[{"detail":0,"format":0,"mode":"normal","style":"","text":"","type":"text","version":1}],"direction":null,"format":"","indent":0,"type":"listitem","version":1,"checked":false,"value":4}],"direction":null,"format":"","indent":0,"type":"list","version":1,"listType":"check","start":1,"tag":"ul"},{"children":[{"detail":0,"format":0,"mode":"normal","style":"","text":"","type":"text","version":1}],"direction":null,"format":"","indent":0,"type":"heading","version":1,"tag":"h4"},{"children":[{"children":[{"detail":0,"format":0,"mode":"normal","style":"","text":"","type":"text","version":1}],"direction":null,"format":"","indent":0,"type":"listitem","version":1,"checked":false,"value":1},{"children":[{"detail":0,"format":0,"mode":"normal","style":"","text":"","type":"text","version":1}],"direction":null,"format":"","indent":0,"type":"listitem","version":1,"checked":false,"value":2},{"children":[{"detail":0,"format":0,"mode":"normal","style":"","text":"","type":"text","version":1}],"direction":null,"format":"","indent":0,"type":"listitem","version":1,"checked":false,"value":3}],"direction":null,"format":"","indent":0,"type":"list","version":1,"listType":"check","start":1,"tag":"ul"},{"children":[{"detail":0,"format":0,"mode":"normal","style":"","text":"","type":"text","version":1}],"direction":null,"format":"","indent":0,"type":"heading","version":1,"tag":"h4"},{"children":[{"children":[{"detail":0,"format":0,"mode":"normal","style":"","text":"","type":"text","version":1}],"direction":null,"format":"","indent":0,"type":"listitem","version":1,"checked":false,"value":1}],"direction":null,"format":"","indent":0,"type":"list","version":1,"listType":"check","start":1,"tag":"ul"},{"children":[{"detail":0,"format":0,"mode":"normal","style":"","text":"","type":"text","version":1}],"direction":null,"format":"","indent":0,"type":"heading","version":1,"tag":"h4"},{"children":[{"children":[{"detail":0,"format":0,"mode":"normal","style":"","text":"","type":"text","version":1}],"direction":null,"format":"","indent":0,"type":"listitem","version":1,"checked":false,"value":1},{"children":[{"detail":0,"format":0,"mode":"normal","style":"","text":"","type":"text","version":1}],"direction":null,"format":"","indent":0,"type":"listitem","version":1,"checked":false,"value":2},{"children":[{"detail":0,"format":0,"mode":"normal","style":"","text":"","type":"text","version":1}],"direction":null,"format":"","indent":0,"type":"listitem","version":1,"checked":false,"value":3}],"direction":null,"format":"","indent":0,"type":"list","version":1,"listType":"check","start":1,"tag":"ul"},{"children":[],"direction":null,"format":"","indent":0,"type":"paragraph","version":1,"textFormat":0,"textStyle":""},{"children":[{"detail":0,"format":0,"mode":"normal","style":"","text":"","type":"text","version":1}],"direction":null,"format":"","indent":0,"type":"heading","version":1,"tag":"h2"},{"children":[{"children":[{"detail":0,"format":0,"mode":"normal","style":"","text":"","type":"text","version":1}],"direction":null,"format":"","indent":0,"type":"listitem","version":1,"value":1},{"children":[{"detail":0,"format":0,"mode":"normal","style":"","text":"","type":"text","version":1}],"direction":null,"format":"","indent":0,"type":"listitem","version":1,"value":2},{"children":[{"detail":0,"format":0,"mode":"normal","style":"","text":"","type":"text","version":1}],"direction":null,"format":"","indent":0,"type":"listitem","version":1,"value":3},{"children":[{"detail":0,"format":0,"mode":"normal","style":"","text":"","type":"text","version":1}],"direction":null,"format":"","indent":0,"type":"listitem","version":1,"value":4}],"direction":null,"format":"","indent":0,"type":"list","version":1,"listType":"bullet","start":1,"tag":"ul"}],"direction":null,"format":"","indent":0,"type":"root","version":1}}','Découvrez la carte',27,'fr',11);
INSERT INTO "_articles_v_locales" VALUES('Release notes 19.10.25','{"root":{"children":[{"children":[{"detail":0,"format":0,"mode":"normal","style":"","text":"Small updates and refinements on notifications and artcles.","type":"text","version":1}],"direction":null,"format":"","indent":0,"type":"paragraph","version":1,"textFormat":0,"textStyle":""}],"direction":null,"format":"","indent":0,"type":"root","version":1}}','{"root":{"children":[{"children":[{"detail":0,"format":0,"mode":"normal","style":"","text":"What to test:","type":"text","version":1}],"direction":null,"format":"","indent":0,"type":"paragraph","version":1,"textFormat":0,"textStyle":""},{"children":[{"detail":0,"format":0,"mode":"normal","style":"","text":"Articles","type":"text","version":1}],"direction":null,"format":"","indent":0,"type":"heading","version":1,"tag":"h4"},{"children":[{"children":[{"detail":0,"format":0,"mode":"normal","style":"","text":"Articles include images via the cms","type":"text","version":1}],"direction":null,"format":"","indent":0,"type":"listitem","version":1,"checked":false,"value":1},{"children":[{"detail":0,"format":0,"mode":"normal","style":"","text":"Articles include featured products (SKU from shopify)","type":"text","version":1}],"direction":null,"format":"","indent":0,"type":"listitem","version":1,"checked":false,"value":2},{"children":[{"detail":0,"format":0,"mode":"normal","style":"","text":"Articles include photos.","type":"text","version":1}],"direction":null,"format":"","indent":0,"type":"listitem","version":1,"checked":false,"value":3},{"children":[{"detail":0,"format":0,"mode":"normal","style":"","text":"Article action buttons are dynamically set in the cms","type":"text","version":1}],"direction":null,"format":"","indent":0,"type":"listitem","version":1,"checked":false,"value":4}],"direction":null,"format":"","indent":0,"type":"list","version":1,"listType":"check","start":1,"tag":"ul"},{"children":[{"detail":0,"format":0,"mode":"normal","style":"","text":"Notifications","type":"text","version":1}],"direction":null,"format":"","indent":0,"type":"heading","version":1,"tag":"h4"},{"children":[{"children":[{"detail":0,"format":0,"mode":"normal","style":"","text":"Push notifications working.","type":"text","version":1}],"direction":null,"format":"","indent":0,"type":"listitem","version":1,"checked":false,"value":1},{"children":[{"detail":0,"format":0,"mode":"normal","style":"","text":"in App notifications dismiss button works","type":"text","version":1}],"direction":null,"format":"","indent":0,"type":"listitem","version":1,"checked":false,"value":2},{"children":[{"detail":0,"format":0,"mode":"normal","style":"","text":"No flickering on Dismissal.","type":"text","version":1}],"direction":null,"format":"","indent":0,"type":"listitem","version":1,"checked":false,"value":3}],"direction":null,"format":"","indent":0,"type":"list","version":1,"listType":"check","start":1,"tag":"ul"},{"children":[{"detail":0,"format":0,"mode":"normal","style":"","text":"Map","type":"text","version":1}],"direction":null,"format":"","indent":0,"type":"heading","version":1,"tag":"h4"},{"children":[{"children":[{"detail":0,"format":0,"mode":"normal","style":"","text":"Quicker loading time (no longer waits for user loaction before display, we now load the map first the ''fly'' to the users notification when available).","type":"text","version":1}],"direction":null,"format":"","indent":0,"type":"listitem","version":1,"checked":false,"value":1}],"direction":null,"format":"","indent":0,"type":"list","version":1,"listType":"check","start":1,"tag":"ul"},{"children":[{"detail":0,"format":0,"mode":"normal","style":"","text":"CMS","type":"text","version":1}],"direction":null,"format":"","indent":0,"type":"heading","version":1,"tag":"h4"},{"children":[{"children":[{"detail":0,"format":0,"mode":"normal","style":"","text":"Drafts feature","type":"text","version":1}],"direction":null,"format":"","indent":0,"type":"listitem","version":1,"checked":false,"value":1},{"children":[{"detail":0,"format":0,"mode":"normal","style":"","text":"Improvements to auto translations","type":"text","version":1}],"direction":null,"format":"","indent":0,"type":"listitem","version":1,"checked":false,"value":2},{"children":[{"detail":0,"format":0,"mode":"normal","style":"","text":"General additions and refinements to content sections.","type":"text","version":1}],"direction":null,"format":"","indent":0,"type":"listitem","version":1,"checked":false,"value":3}],"direction":null,"format":"","indent":0,"type":"list","version":1,"listType":"check","start":1,"tag":"ul"},{"children":[],"direction":null,"format":"","indent":0,"type":"paragraph","version":1,"textFormat":0,"textStyle":""},{"children":[{"detail":0,"format":0,"mode":"normal","style":"","text":"Whats Next","type":"text","version":1}],"direction":null,"format":"","indent":0,"type":"heading","version":1,"tag":"h2"},{"children":[{"children":[{"detail":0,"format":0,"mode":"normal","style":"","text":"Spaces section","type":"text","version":1}],"direction":null,"format":"","indent":0,"type":"listitem","version":1,"value":1},{"children":[{"detail":0,"format":0,"mode":"normal","style":"","text":"Map dynamically loading spaces.","type":"text","version":1}],"direction":null,"format":"","indent":0,"type":"listitem","version":1,"value":2},{"children":[{"detail":0,"format":0,"mode":"normal","style":"","text":"Enhanced FTUE connected to spaces","type":"text","version":1}],"direction":null,"format":"","indent":0,"type":"listitem","version":1,"value":3},{"children":[{"detail":0,"format":0,"mode":"normal","style":"","text":"Spaces displayed on the homepage","type":"text","version":1}],"direction":null,"format":"","indent":0,"type":"listitem","version":1,"value":4}],"direction":null,"format":"","indent":0,"type":"list","version":1,"listType":"bullet","start":1,"tag":"ul"}],"direction":null,"format":"","indent":0,"type":"root","version":1}}','Check out the map',28,'en',12);
INSERT INTO "_articles_v_locales" VALUES('Notes de version 19.10.25','{"root":{"children":[{"children":[{"detail":0,"format":0,"mode":"normal","style":"","text":"Petites mises à jour et améliorations sur les notifications et les articles.","type":"text","version":1}],"direction":null,"format":"","indent":0,"type":"paragraph","version":1,"textFormat":0,"textStyle":""}],"direction":null,"format":"","indent":0,"type":"root","version":1}}','{"root":{"children":[{"children":[{"detail":0,"format":0,"mode":"normal","style":"","text":"À tester : Articles Les articles incluent des images via le cms Les articles incluent des produits vedettes (SKU de shopify) Les articles incluent des photos. Les boutons d''action des articles sont définis dynamiquement dans le cms Notifications Les notifications push fonctionnent. Le bouton de rejet des notifications dans l''application fonctionne Aucun scintillement lors du rejet. Carte Temps de chargement plus rapide (n''attend plus la localisation de l''utilisateur avant l''affichage, nous chargeons d''abord la carte puis ''volons'' vers la notification de l''utilisateur lorsqu''elle est disponible). CMS Fonction de brouillons Améliorations des traductions automatiques Ajouts généraux et améliorations des sections de contenu. Prochaines étapes Section Espaces Carte chargeant dynamiquement les espaces. FTUE amélioré connecté aux espaces Espaces affichés sur la page d''accueil","type":"text","version":1}],"direction":null,"format":"","indent":0,"type":"paragraph","version":1,"textFormat":0,"textStyle":""},{"children":[{"detail":0,"format":0,"mode":"normal","style":"","text":"","type":"text","version":1}],"direction":null,"format":"","indent":0,"type":"heading","version":1,"tag":"h4"},{"children":[{"children":[{"detail":0,"format":0,"mode":"normal","style":"","text":"","type":"text","version":1}],"direction":null,"format":"","indent":0,"type":"listitem","version":1,"checked":false,"value":1},{"children":[{"detail":0,"format":0,"mode":"normal","style":"","text":"","type":"text","version":1}],"direction":null,"format":"","indent":0,"type":"listitem","version":1,"checked":false,"value":2},{"children":[{"detail":0,"format":0,"mode":"normal","style":"","text":"","type":"text","version":1}],"direction":null,"format":"","indent":0,"type":"listitem","version":1,"checked":false,"value":3},{"children":[{"detail":0,"format":0,"mode":"normal","style":"","text":"","type":"text","version":1}],"direction":null,"format":"","indent":0,"type":"listitem","version":1,"checked":false,"value":4}],"direction":null,"format":"","indent":0,"type":"list","version":1,"listType":"check","start":1,"tag":"ul"},{"children":[{"detail":0,"format":0,"mode":"normal","style":"","text":"","type":"text","version":1}],"direction":null,"format":"","indent":0,"type":"heading","version":1,"tag":"h4"},{"children":[{"children":[{"detail":0,"format":0,"mode":"normal","style":"","text":"","type":"text","version":1}],"direction":null,"format":"","indent":0,"type":"listitem","version":1,"checked":false,"value":1},{"children":[{"detail":0,"format":0,"mode":"normal","style":"","text":"","type":"text","version":1}],"direction":null,"format":"","indent":0,"type":"listitem","version":1,"checked":false,"value":2},{"children":[{"detail":0,"format":0,"mode":"normal","style":"","text":"","type":"text","version":1}],"direction":null,"format":"","indent":0,"type":"listitem","version":1,"checked":false,"value":3}],"direction":null,"format":"","indent":0,"type":"list","version":1,"listType":"check","start":1,"tag":"ul"},{"children":[{"detail":0,"format":0,"mode":"normal","style":"","text":"","type":"text","version":1}],"direction":null,"format":"","indent":0,"type":"heading","version":1,"tag":"h4"},{"children":[{"children":[{"detail":0,"format":0,"mode":"normal","style":"","text":"","type":"text","version":1}],"direction":null,"format":"","indent":0,"type":"listitem","version":1,"checked":false,"value":1}],"direction":null,"format":"","indent":0,"type":"list","version":1,"listType":"check","start":1,"tag":"ul"},{"children":[{"detail":0,"format":0,"mode":"normal","style":"","text":"","type":"text","version":1}],"direction":null,"format":"","indent":0,"type":"heading","version":1,"tag":"h4"},{"children":[{"children":[{"detail":0,"format":0,"mode":"normal","style":"","text":"","type":"text","version":1}],"direction":null,"format":"","indent":0,"type":"listitem","version":1,"checked":false,"value":1},{"children":[{"detail":0,"format":0,"mode":"normal","style":"","text":"","type":"text","version":1}],"direction":null,"format":"","indent":0,"type":"listitem","version":1,"checked":false,"value":2},{"children":[{"detail":0,"format":0,"mode":"normal","style":"","text":"","type":"text","version":1}],"direction":null,"format":"","indent":0,"type":"listitem","version":1,"checked":false,"value":3}],"direction":null,"format":"","indent":0,"type":"list","version":1,"listType":"check","start":1,"tag":"ul"},{"children":[],"direction":null,"format":"","indent":0,"type":"paragraph","version":1,"textFormat":0,"textStyle":""},{"children":[{"detail":0,"format":0,"mode":"normal","style":"","text":"","type":"text","version":1}],"direction":null,"format":"","indent":0,"type":"heading","version":1,"tag":"h2"},{"children":[{"children":[{"detail":0,"format":0,"mode":"normal","style":"","text":"","type":"text","version":1}],"direction":null,"format":"","indent":0,"type":"listitem","version":1,"value":1},{"children":[{"detail":0,"format":0,"mode":"normal","style":"","text":"","type":"text","version":1}],"direction":null,"format":"","indent":0,"type":"listitem","version":1,"value":2},{"children":[{"detail":0,"format":0,"mode":"normal","style":"","text":"","type":"text","version":1}],"direction":null,"format":"","indent":0,"type":"listitem","version":1,"value":3},{"children":[{"detail":0,"format":0,"mode":"normal","style":"","text":"","type":"text","version":1}],"direction":null,"format":"","indent":0,"type":"listitem","version":1,"value":4}],"direction":null,"format":"","indent":0,"type":"list","version":1,"listType":"bullet","start":1,"tag":"ul"}],"direction":null,"format":"","indent":0,"type":"root","version":1}}','Découvrez la carte',29,'fr',12);
INSERT INTO "_articles_v_locales" VALUES('Release notes 19.10.25','{"root":{"children":[{"children":[{"detail":0,"format":0,"mode":"normal","style":"","text":"Kleine Updates und Verfeinerungen bei Benachrichtigungen und Artikeln.","type":"text","version":1}],"direction":null,"format":"","indent":0,"type":"paragraph","version":1,"textFormat":0,"textStyle":""}],"direction":null,"format":"","indent":0,"type":"root","version":1}}','{"root":{"children":[{"children":[{"detail":0,"format":0,"mode":"normal","style":"","text":"Was zu testen ist:ArtikelArtikel enthalten Bilder über das CMSArtikel enthalten ausgewählte Produkte (SKU von Shopify)Artikel enthalten Fotos.Artikel-Aktionsschaltflächen werden dynamisch im CMS festgelegt.BenachrichtigungenPush-Benachrichtigungen funktionieren.In-App-Benachrichtigungen: Entfernen-Schaltfläche funktioniertKein Flackern beim Entfernen.KarteSchnellere Ladezeit (wartet nicht mehr auf Benutzerstandort vor der Anzeige, wir laden jetzt zuerst die Karte und ''fliegen'' dann zum Benutzerstandort, wenn verfügbar).CMSEntwurfsfunktionVerbesserungen bei automatischen ÜbersetzungenAllgemeine Ergänzungen und Verfeinerungen an Inhaltsabschnitten.Was als Nächstes kommtBereiche-BereichKarte lädt Bereiche dynamisch.Erweiterte FTUE, verbunden mit BereichenBereiche werden auf der Startseite angezeigt.","type":"text","version":1}],"direction":null,"format":"","indent":0,"type":"paragraph","version":1,"textFormat":0,"textStyle":""},{"children":[{"detail":0,"format":0,"mode":"normal","style":"","text":"","type":"text","version":1}],"direction":null,"format":"","indent":0,"type":"heading","version":1,"tag":"h4"},{"children":[{"children":[{"detail":0,"format":0,"mode":"normal","style":"","text":"","type":"text","version":1}],"direction":null,"format":"","indent":0,"type":"listitem","version":1,"checked":false,"value":1},{"children":[{"detail":0,"format":0,"mode":"normal","style":"","text":"","type":"text","version":1}],"direction":null,"format":"","indent":0,"type":"listitem","version":1,"checked":false,"value":2},{"children":[{"detail":0,"format":0,"mode":"normal","style":"","text":"","type":"text","version":1}],"direction":null,"format":"","indent":0,"type":"listitem","version":1,"checked":false,"value":3},{"children":[{"detail":0,"format":0,"mode":"normal","style":"","text":"","type":"text","version":1}],"direction":null,"format":"","indent":0,"type":"listitem","version":1,"checked":false,"value":4}],"direction":null,"format":"","indent":0,"type":"list","version":1,"listType":"check","start":1,"tag":"ul"},{"children":[{"detail":0,"format":0,"mode":"normal","style":"","text":"","type":"text","version":1}],"direction":null,"format":"","indent":0,"type":"heading","version":1,"tag":"h4"},{"children":[{"children":[{"detail":0,"format":0,"mode":"normal","style":"","text":"","type":"text","version":1}],"direction":null,"format":"","indent":0,"type":"listitem","version":1,"checked":false,"value":1},{"children":[{"detail":0,"format":0,"mode":"normal","style":"","text":"","type":"text","version":1}],"direction":null,"format":"","indent":0,"type":"listitem","version":1,"checked":false,"value":2},{"children":[{"detail":0,"format":0,"mode":"normal","style":"","text":"","type":"text","version":1}],"direction":null,"format":"","indent":0,"type":"listitem","version":1,"checked":false,"value":3}],"direction":null,"format":"","indent":0,"type":"list","version":1,"listType":"check","start":1,"tag":"ul"},{"children":[{"detail":0,"format":0,"mode":"normal","style":"","text":"","type":"text","version":1}],"direction":null,"format":"","indent":0,"type":"heading","version":1,"tag":"h4"},{"children":[{"children":[{"detail":0,"format":0,"mode":"normal","style":"","text":"","type":"text","version":1}],"direction":null,"format":"","indent":0,"type":"listitem","version":1,"checked":false,"value":1}],"direction":null,"format":"","indent":0,"type":"list","version":1,"listType":"check","start":1,"tag":"ul"},{"children":[{"detail":0,"format":0,"mode":"normal","style":"","text":"","type":"text","version":1}],"direction":null,"format":"","indent":0,"type":"heading","version":1,"tag":"h4"},{"children":[{"children":[{"detail":0,"format":0,"mode":"normal","style":"","text":"","type":"text","version":1}],"direction":null,"format":"","indent":0,"type":"listitem","version":1,"checked":false,"value":1},{"children":[{"detail":0,"format":0,"mode":"normal","style":"","text":"","type":"text","version":1}],"direction":null,"format":"","indent":0,"type":"listitem","version":1,"checked":false,"value":2},{"children":[{"detail":0,"format":0,"mode":"normal","style":"","text":"","type":"text","version":1}],"direction":null,"format":"","indent":0,"type":"listitem","version":1,"checked":false,"value":3}],"direction":null,"format":"","indent":0,"type":"list","version":1,"listType":"check","start":1,"tag":"ul"},{"children":[],"direction":null,"format":"","indent":0,"type":"paragraph","version":1,"textFormat":0,"textStyle":""},{"children":[{"detail":0,"format":0,"mode":"normal","style":"","text":"","type":"text","version":1}],"direction":null,"format":"","indent":0,"type":"heading","version":1,"tag":"h2"},{"children":[{"children":[{"detail":0,"format":0,"mode":"normal","style":"","text":"","type":"text","version":1}],"direction":null,"format":"","indent":0,"type":"listitem","version":1,"value":1},{"children":[{"detail":0,"format":0,"mode":"normal","style":"","text":"","type":"text","version":1}],"direction":null,"format":"","indent":0,"type":"listitem","version":1,"value":2},{"children":[{"detail":0,"format":0,"mode":"normal","style":"","text":"","type":"text","version":1}],"direction":null,"format":"","indent":0,"type":"listitem","version":1,"value":3},{"children":[{"detail":0,"format":0,"mode":"normal","style":"","text":"","type":"text","version":1}],"direction":null,"format":"","indent":0,"type":"listitem","version":1,"value":4}],"direction":null,"format":"","indent":0,"type":"list","version":1,"listType":"bullet","start":1,"tag":"ul"}],"direction":null,"format":"","indent":0,"type":"root","version":1}}','Karte ansehen',30,'de',12);
INSERT INTO "_articles_v_locales" VALUES('Release notes 19.10.25','{"root":{"children":[{"children":[{"detail":0,"format":0,"mode":"normal","style":"","text":"Small updates and refinements on notifications and artcles.","type":"text","version":1}],"direction":null,"format":"","indent":0,"type":"paragraph","version":1,"textFormat":0,"textStyle":""}],"direction":null,"format":"","indent":0,"type":"root","version":1}}','{"root":{"children":[{"children":[{"detail":0,"format":0,"mode":"normal","style":"","text":"What to test:","type":"text","version":1}],"direction":null,"format":"","indent":0,"type":"paragraph","version":1,"textFormat":0,"textStyle":""},{"children":[{"detail":0,"format":0,"mode":"normal","style":"","text":"Articles","type":"text","version":1}],"direction":null,"format":"","indent":0,"type":"heading","version":1,"tag":"h4"},{"children":[{"children":[{"detail":0,"format":0,"mode":"normal","style":"","text":"Articles include images via the cms","type":"text","version":1}],"direction":null,"format":"","indent":0,"type":"listitem","version":1,"checked":false,"value":1},{"children":[{"detail":0,"format":0,"mode":"normal","style":"","text":"Articles include featured products (SKU from shopify)","type":"text","version":1}],"direction":null,"format":"","indent":0,"type":"listitem","version":1,"checked":false,"value":2},{"children":[{"detail":0,"format":0,"mode":"normal","style":"","text":"Articles include photos.","type":"text","version":1}],"direction":null,"format":"","indent":0,"type":"listitem","version":1,"checked":false,"value":3},{"children":[{"detail":0,"format":0,"mode":"normal","style":"","text":"Article action buttons are dynamically set in the cms","type":"text","version":1}],"direction":null,"format":"","indent":0,"type":"listitem","version":1,"checked":false,"value":4}],"direction":null,"format":"","indent":0,"type":"list","version":1,"listType":"check","start":1,"tag":"ul"},{"children":[{"detail":0,"format":0,"mode":"normal","style":"","text":"Notifications","type":"text","version":1}],"direction":null,"format":"","indent":0,"type":"heading","version":1,"tag":"h4"},{"children":[{"children":[{"detail":0,"format":0,"mode":"normal","style":"","text":"Push notifications working.","type":"text","version":1}],"direction":null,"format":"","indent":0,"type":"listitem","version":1,"checked":false,"value":1},{"children":[{"detail":0,"format":0,"mode":"normal","style":"","text":"in App notifications dismiss button works","type":"text","version":1}],"direction":null,"format":"","indent":0,"type":"listitem","version":1,"checked":false,"value":2},{"children":[{"detail":0,"format":0,"mode":"normal","style":"","text":"No flickering on Dismissal.","type":"text","version":1}],"direction":null,"format":"","indent":0,"type":"listitem","version":1,"checked":false,"value":3}],"direction":null,"format":"","indent":0,"type":"list","version":1,"listType":"check","start":1,"tag":"ul"},{"children":[{"detail":0,"format":0,"mode":"normal","style":"","text":"Map","type":"text","version":1}],"direction":null,"format":"","indent":0,"type":"heading","version":1,"tag":"h4"},{"children":[{"children":[{"detail":0,"format":0,"mode":"normal","style":"","text":"Quicker loading time (no longer waits for user loaction before display, we now load the map first the ''fly'' to the users notification when available).","type":"text","version":1}],"direction":null,"format":"","indent":0,"type":"listitem","version":1,"checked":false,"value":1}],"direction":null,"format":"","indent":0,"type":"list","version":1,"listType":"check","start":1,"tag":"ul"},{"children":[{"detail":0,"format":0,"mode":"normal","style":"","text":"CMS","type":"text","version":1}],"direction":null,"format":"","indent":0,"type":"heading","version":1,"tag":"h4"},{"children":[{"children":[{"detail":0,"format":0,"mode":"normal","style":"","text":"Drafts feature","type":"text","version":1}],"direction":null,"format":"","indent":0,"type":"listitem","version":1,"checked":false,"value":1},{"children":[{"detail":0,"format":0,"mode":"normal","style":"","text":"Improvements to auto translations","type":"text","version":1}],"direction":null,"format":"","indent":0,"type":"listitem","version":1,"checked":false,"value":2},{"children":[{"detail":0,"format":0,"mode":"normal","style":"","text":"General additions and refinements to content sections.","type":"text","version":1}],"direction":null,"format":"","indent":0,"type":"listitem","version":1,"checked":false,"value":3}],"direction":null,"format":"","indent":0,"type":"list","version":1,"listType":"check","start":1,"tag":"ul"},{"children":[],"direction":null,"format":"","indent":0,"type":"paragraph","version":1,"textFormat":0,"textStyle":""},{"children":[{"detail":0,"format":0,"mode":"normal","style":"","text":"Whats Next","type":"text","version":1}],"direction":null,"format":"","indent":0,"type":"heading","version":1,"tag":"h2"},{"children":[{"children":[{"detail":0,"format":0,"mode":"normal","style":"","text":"Spaces section","type":"text","version":1}],"direction":null,"format":"","indent":0,"type":"listitem","version":1,"value":1},{"children":[{"detail":0,"format":0,"mode":"normal","style":"","text":"Map dynamically loading spaces.","type":"text","version":1}],"direction":null,"format":"","indent":0,"type":"listitem","version":1,"value":2},{"children":[{"detail":0,"format":0,"mode":"normal","style":"","text":"Enhanced FTUE connected to spaces","type":"text","version":1}],"direction":null,"format":"","indent":0,"type":"listitem","version":1,"value":3},{"children":[{"detail":0,"format":0,"mode":"normal","style":"","text":"Spaces displayed on the homepage","type":"text","version":1}],"direction":null,"format":"","indent":0,"type":"listitem","version":1,"value":4}],"direction":null,"format":"","indent":0,"type":"list","version":1,"listType":"bullet","start":1,"tag":"ul"}],"direction":null,"format":"","indent":0,"type":"root","version":1}}','Check out the map',31,'en',13);
INSERT INTO "_articles_v_locales" VALUES('Notes de version 19.10.25','{"root":{"children":[{"children":[{"detail":0,"format":0,"mode":"normal","style":"","text":"Petites mises à jour et améliorations sur les notifications et les articles.","type":"text","version":1}],"direction":null,"format":"","indent":0,"type":"paragraph","version":1,"textFormat":0,"textStyle":""}],"direction":null,"format":"","indent":0,"type":"root","version":1}}','{"root":{"children":[{"children":[{"detail":0,"format":0,"mode":"normal","style":"","text":"À tester : Articles Les articles incluent des images via le cms Les articles incluent des produits vedettes (SKU de shopify) Les articles incluent des photos. Les boutons d''action des articles sont définis dynamiquement dans le cms Notifications Les notifications push fonctionnent. Le bouton de rejet des notifications dans l''application fonctionne Aucun scintillement lors du rejet. Carte Temps de chargement plus rapide (n''attend plus la localisation de l''utilisateur avant l''affichage, nous chargeons d''abord la carte puis ''volons'' vers la notification de l''utilisateur lorsqu''elle est disponible). CMS Fonction de brouillons Améliorations des traductions automatiques Ajouts généraux et améliorations des sections de contenu. Prochaines étapes Section Espaces Carte chargeant dynamiquement les espaces. FTUE amélioré connecté aux espaces Espaces affichés sur la page d''accueil","type":"text","version":1}],"direction":null,"format":"","indent":0,"type":"paragraph","version":1,"textFormat":0,"textStyle":""},{"children":[{"detail":0,"format":0,"mode":"normal","style":"","text":"","type":"text","version":1}],"direction":null,"format":"","indent":0,"type":"heading","version":1,"tag":"h4"},{"children":[{"children":[{"detail":0,"format":0,"mode":"normal","style":"","text":"","type":"text","version":1}],"direction":null,"format":"","indent":0,"type":"listitem","version":1,"checked":false,"value":1},{"children":[{"detail":0,"format":0,"mode":"normal","style":"","text":"","type":"text","version":1}],"direction":null,"format":"","indent":0,"type":"listitem","version":1,"checked":false,"value":2},{"children":[{"detail":0,"format":0,"mode":"normal","style":"","text":"","type":"text","version":1}],"direction":null,"format":"","indent":0,"type":"listitem","version":1,"checked":false,"value":3},{"children":[{"detail":0,"format":0,"mode":"normal","style":"","text":"","type":"text","version":1}],"direction":null,"format":"","indent":0,"type":"listitem","version":1,"checked":false,"value":4}],"direction":null,"format":"","indent":0,"type":"list","version":1,"listType":"check","start":1,"tag":"ul"},{"children":[{"detail":0,"format":0,"mode":"normal","style":"","text":"","type":"text","version":1}],"direction":null,"format":"","indent":0,"type":"heading","version":1,"tag":"h4"},{"children":[{"children":[{"detail":0,"format":0,"mode":"normal","style":"","text":"","type":"text","version":1}],"direction":null,"format":"","indent":0,"type":"listitem","version":1,"checked":false,"value":1},{"children":[{"detail":0,"format":0,"mode":"normal","style":"","text":"","type":"text","version":1}],"direction":null,"format":"","indent":0,"type":"listitem","version":1,"checked":false,"value":2},{"children":[{"detail":0,"format":0,"mode":"normal","style":"","text":"","type":"text","version":1}],"direction":null,"format":"","indent":0,"type":"listitem","version":1,"checked":false,"value":3}],"direction":null,"format":"","indent":0,"type":"list","version":1,"listType":"check","start":1,"tag":"ul"},{"children":[{"detail":0,"format":0,"mode":"normal","style":"","text":"","type":"text","version":1}],"direction":null,"format":"","indent":0,"type":"heading","version":1,"tag":"h4"},{"children":[{"children":[{"detail":0,"format":0,"mode":"normal","style":"","text":"","type":"text","version":1}],"direction":null,"format":"","indent":0,"type":"listitem","version":1,"checked":false,"value":1}],"direction":null,"format":"","indent":0,"type":"list","version":1,"listType":"check","start":1,"tag":"ul"},{"children":[{"detail":0,"format":0,"mode":"normal","style":"","text":"","type":"text","version":1}],"direction":null,"format":"","indent":0,"type":"heading","version":1,"tag":"h4"},{"children":[{"children":[{"detail":0,"format":0,"mode":"normal","style":"","text":"","type":"text","version":1}],"direction":null,"format":"","indent":0,"type":"listitem","version":1,"checked":false,"value":1},{"children":[{"detail":0,"format":0,"mode":"normal","style":"","text":"","type":"text","version":1}],"direction":null,"format":"","indent":0,"type":"listitem","version":1,"checked":false,"value":2},{"children":[{"detail":0,"format":0,"mode":"normal","style":"","text":"","type":"text","version":1}],"direction":null,"format":"","indent":0,"type":"listitem","version":1,"checked":false,"value":3}],"direction":null,"format":"","indent":0,"type":"list","version":1,"listType":"check","start":1,"tag":"ul"},{"children":[],"direction":null,"format":"","indent":0,"type":"paragraph","version":1,"textFormat":0,"textStyle":""},{"children":[{"detail":0,"format":0,"mode":"normal","style":"","text":"","type":"text","version":1}],"direction":null,"format":"","indent":0,"type":"heading","version":1,"tag":"h2"},{"children":[{"children":[{"detail":0,"format":0,"mode":"normal","style":"","text":"","type":"text","version":1}],"direction":null,"format":"","indent":0,"type":"listitem","version":1,"value":1},{"children":[{"detail":0,"format":0,"mode":"normal","style":"","text":"","type":"text","version":1}],"direction":null,"format":"","indent":0,"type":"listitem","version":1,"value":2},{"children":[{"detail":0,"format":0,"mode":"normal","style":"","text":"","type":"text","version":1}],"direction":null,"format":"","indent":0,"type":"listitem","version":1,"value":3},{"children":[{"detail":0,"format":0,"mode":"normal","style":"","text":"","type":"text","version":1}],"direction":null,"format":"","indent":0,"type":"listitem","version":1,"value":4}],"direction":null,"format":"","indent":0,"type":"list","version":1,"listType":"bullet","start":1,"tag":"ul"}],"direction":null,"format":"","indent":0,"type":"root","version":1}}','Découvrez la carte',32,'fr',13);
INSERT INTO "_articles_v_locales" VALUES('Release notes 19.10.25','{"root":{"children":[{"children":[{"detail":0,"format":0,"mode":"normal","style":"","text":"Kleine Updates und Verfeinerungen bei Benachrichtigungen und Artikeln.","type":"text","version":1}],"direction":null,"format":"","indent":0,"type":"paragraph","version":1,"textFormat":0,"textStyle":""}],"direction":null,"format":"","indent":0,"type":"root","version":1}}','{"root":{"children":[{"children":[{"detail":0,"format":0,"mode":"normal","style":"","text":"Was zu testen ist:","type":"text","version":1}],"direction":null,"format":"","indent":0,"type":"paragraph","version":1,"textFormat":0,"textStyle":""},{"children":[{"detail":0,"format":0,"mode":"normal","style":"","text":"Artikel","type":"text","version":1}],"direction":null,"format":"","indent":0,"type":"heading","version":1,"tag":"h4"},{"children":[{"children":[{"detail":0,"format":0,"mode":"normal","style":"","text":"Artikel enthalten Bilder über das CMS","type":"text","version":1}],"direction":null,"format":"","indent":0,"type":"listitem","version":1,"checked":false,"value":1},{"children":[{"detail":0,"format":0,"mode":"normal","style":"","text":"Artikel enthalten ausgewählte Produkte (SKU von Shopify)","type":"text","version":1}],"direction":null,"format":"","indent":0,"type":"listitem","version":1,"checked":false,"value":2},{"children":[{"detail":0,"format":0,"mode":"normal","style":"","text":"Artikel enthalten Fotos.","type":"text","version":1}],"direction":null,"format":"","indent":0,"type":"listitem","version":1,"checked":false,"value":3},{"children":[{"detail":0,"format":0,"mode":"normal","style":"","text":"Artikel-Aktionsschaltflächen werden dynamisch im CMS festgelegt.","type":"text","version":1}],"direction":null,"format":"","indent":0,"type":"listitem","version":1,"checked":false,"value":4},{"children":[],"direction":null,"format":"","indent":0,"type":"listitem","version":1,"checked":false,"value":5}],"direction":null,"format":"","indent":0,"type":"list","version":1,"listType":"check","start":1,"tag":"ul"}],"direction":null,"format":"","indent":0,"type":"root","version":1}}','Karte ansehen',33,'de',13);
INSERT INTO "_articles_v_locales" VALUES('Release notes 19.10.25','{"root":{"children":[{"children":[{"detail":0,"format":0,"mode":"normal","style":"","text":"Small updates and refinements on notifications and artcles.","type":"text","version":1}],"direction":null,"format":"","indent":0,"type":"paragraph","version":1,"textFormat":0,"textStyle":""}],"direction":null,"format":"","indent":0,"type":"root","version":1}}','{"root":{"children":[{"children":[{"detail":0,"format":0,"mode":"normal","style":"","text":"What to test:","type":"text","version":1}],"direction":null,"format":"","indent":0,"type":"paragraph","version":1,"textFormat":0,"textStyle":""},{"children":[{"detail":0,"format":0,"mode":"normal","style":"","text":"Articles","type":"text","version":1}],"direction":null,"format":"","indent":0,"type":"heading","version":1,"tag":"h4"},{"children":[{"children":[{"detail":0,"format":0,"mode":"normal","style":"","text":"Articles include images via the cms","type":"text","version":1}],"direction":null,"format":"","indent":0,"type":"listitem","version":1,"checked":false,"value":1},{"children":[{"detail":0,"format":0,"mode":"normal","style":"","text":"Articles include featured products (SKU from shopify)","type":"text","version":1}],"direction":null,"format":"","indent":0,"type":"listitem","version":1,"checked":false,"value":2},{"children":[{"detail":0,"format":0,"mode":"normal","style":"","text":"Articles include photos.","type":"text","version":1}],"direction":null,"format":"","indent":0,"type":"listitem","version":1,"checked":false,"value":3},{"children":[{"detail":0,"format":0,"mode":"normal","style":"","text":"Article action buttons are dynamically set in the cms","type":"text","version":1}],"direction":null,"format":"","indent":0,"type":"listitem","version":1,"checked":false,"value":4}],"direction":null,"format":"","indent":0,"type":"list","version":1,"listType":"check","start":1,"tag":"ul"},{"children":[{"detail":0,"format":0,"mode":"normal","style":"","text":"Notifications","type":"text","version":1}],"direction":null,"format":"","indent":0,"type":"heading","version":1,"tag":"h4"},{"children":[{"children":[{"detail":0,"format":0,"mode":"normal","style":"","text":"Push notifications working.","type":"text","version":1}],"direction":null,"format":"","indent":0,"type":"listitem","version":1,"checked":false,"value":1},{"children":[{"detail":0,"format":0,"mode":"normal","style":"","text":"in App notifications dismiss button works","type":"text","version":1}],"direction":null,"format":"","indent":0,"type":"listitem","version":1,"checked":false,"value":2},{"children":[{"detail":0,"format":0,"mode":"normal","style":"","text":"No flickering on Dismissal.","type":"text","version":1}],"direction":null,"format":"","indent":0,"type":"listitem","version":1,"checked":false,"value":3}],"direction":null,"format":"","indent":0,"type":"list","version":1,"listType":"check","start":1,"tag":"ul"},{"children":[{"detail":0,"format":0,"mode":"normal","style":"","text":"Map","type":"text","version":1}],"direction":null,"format":"","indent":0,"type":"heading","version":1,"tag":"h4"},{"children":[{"children":[{"detail":0,"format":0,"mode":"normal","style":"","text":"Quicker loading time (no longer waits for user loaction before display, we now load the map first the ''fly'' to the users notification when available).","type":"text","version":1}],"direction":null,"format":"","indent":0,"type":"listitem","version":1,"checked":false,"value":1}],"direction":null,"format":"","indent":0,"type":"list","version":1,"listType":"check","start":1,"tag":"ul"},{"children":[{"detail":0,"format":0,"mode":"normal","style":"","text":"CMS","type":"text","version":1}],"direction":null,"format":"","indent":0,"type":"heading","version":1,"tag":"h4"},{"children":[{"children":[{"detail":0,"format":0,"mode":"normal","style":"","text":"Drafts feature","type":"text","version":1}],"direction":null,"format":"","indent":0,"type":"listitem","version":1,"checked":false,"value":1},{"children":[{"detail":0,"format":0,"mode":"normal","style":"","text":"Improvements to auto translations","type":"text","version":1}],"direction":null,"format":"","indent":0,"type":"listitem","version":1,"checked":false,"value":2},{"children":[{"detail":0,"format":0,"mode":"normal","style":"","text":"General additions and refinements to content sections.","type":"text","version":1}],"direction":null,"format":"","indent":0,"type":"listitem","version":1,"checked":false,"value":3}],"direction":null,"format":"","indent":0,"type":"list","version":1,"listType":"check","start":1,"tag":"ul"},{"children":[],"direction":null,"format":"","indent":0,"type":"paragraph","version":1,"textFormat":0,"textStyle":""},{"children":[{"detail":0,"format":0,"mode":"normal","style":"","text":"Whats Next","type":"text","version":1}],"direction":null,"format":"","indent":0,"type":"heading","version":1,"tag":"h2"},{"children":[{"children":[{"detail":0,"format":0,"mode":"normal","style":"","text":"Spaces section","type":"text","version":1}],"direction":null,"format":"","indent":0,"type":"listitem","version":1,"value":1},{"children":[{"detail":0,"format":0,"mode":"normal","style":"","text":"Map dynamically loading spaces.","type":"text","version":1}],"direction":null,"format":"","indent":0,"type":"listitem","version":1,"value":2},{"children":[{"detail":0,"format":0,"mode":"normal","style":"","text":"Enhanced FTUE connected to spaces","type":"text","version":1}],"direction":null,"format":"","indent":0,"type":"listitem","version":1,"value":3},{"children":[{"detail":0,"format":0,"mode":"normal","style":"","text":"Spaces displayed on the homepage","type":"text","version":1}],"direction":null,"format":"","indent":0,"type":"listitem","version":1,"value":4}],"direction":null,"format":"","indent":0,"type":"list","version":1,"listType":"bullet","start":1,"tag":"ul"}],"direction":null,"format":"","indent":0,"type":"root","version":1}}','Check out the map',34,'en',14);
INSERT INTO "_articles_v_locales" VALUES('Notes de version 19.10.25','{"root":{"children":[{"children":[{"detail":0,"format":0,"mode":"normal","style":"","text":"Petites mises à jour et améliorations sur les notifications et les articles.","type":"text","version":1}],"direction":null,"format":"","indent":0,"type":"paragraph","version":1,"textFormat":0,"textStyle":""}],"direction":null,"format":"","indent":0,"type":"root","version":1}}','{"root":{"children":[{"children":[{"detail":0,"format":0,"mode":"normal","style":"","text":"À tester : Articles Les articles incluent des images via le cms Les articles incluent des produits vedettes (SKU de shopify) Les articles incluent des photos. Les boutons d''action des articles sont définis dynamiquement dans le cms Notifications Les notifications push fonctionnent. Le bouton de rejet des notifications dans l''application fonctionne Aucun scintillement lors du rejet. Carte Temps de chargement plus rapide (n''attend plus la localisation de l''utilisateur avant l''affichage, nous chargeons d''abord la carte puis ''volons'' vers la notification de l''utilisateur lorsqu''elle est disponible). CMS Fonction de brouillons Améliorations des traductions automatiques Ajouts généraux et améliorations des sections de contenu. Prochaines étapes Section Espaces Carte chargeant dynamiquement les espaces. FTUE amélioré connecté aux espaces Espaces affichés sur la page d''accueil","type":"text","version":1}],"direction":null,"format":"","indent":0,"type":"paragraph","version":1,"textFormat":0,"textStyle":""},{"children":[{"detail":0,"format":0,"mode":"normal","style":"","text":"","type":"text","version":1}],"direction":null,"format":"","indent":0,"type":"heading","version":1,"tag":"h4"},{"children":[{"children":[{"detail":0,"format":0,"mode":"normal","style":"","text":"","type":"text","version":1}],"direction":null,"format":"","indent":0,"type":"listitem","version":1,"checked":false,"value":1},{"children":[{"detail":0,"format":0,"mode":"normal","style":"","text":"","type":"text","version":1}],"direction":null,"format":"","indent":0,"type":"listitem","version":1,"checked":false,"value":2},{"children":[{"detail":0,"format":0,"mode":"normal","style":"","text":"","type":"text","version":1}],"direction":null,"format":"","indent":0,"type":"listitem","version":1,"checked":false,"value":3},{"children":[{"detail":0,"format":0,"mode":"normal","style":"","text":"","type":"text","version":1}],"direction":null,"format":"","indent":0,"type":"listitem","version":1,"checked":false,"value":4}],"direction":null,"format":"","indent":0,"type":"list","version":1,"listType":"check","start":1,"tag":"ul"},{"children":[{"detail":0,"format":0,"mode":"normal","style":"","text":"","type":"text","version":1}],"direction":null,"format":"","indent":0,"type":"heading","version":1,"tag":"h4"},{"children":[{"children":[{"detail":0,"format":0,"mode":"normal","style":"","text":"","type":"text","version":1}],"direction":null,"format":"","indent":0,"type":"listitem","version":1,"checked":false,"value":1},{"children":[{"detail":0,"format":0,"mode":"normal","style":"","text":"","type":"text","version":1}],"direction":null,"format":"","indent":0,"type":"listitem","version":1,"checked":false,"value":2},{"children":[{"detail":0,"format":0,"mode":"normal","style":"","text":"","type":"text","version":1}],"direction":null,"format":"","indent":0,"type":"listitem","version":1,"checked":false,"value":3}],"direction":null,"format":"","indent":0,"type":"list","version":1,"listType":"check","start":1,"tag":"ul"},{"children":[{"detail":0,"format":0,"mode":"normal","style":"","text":"","type":"text","version":1}],"direction":null,"format":"","indent":0,"type":"heading","version":1,"tag":"h4"},{"children":[{"children":[{"detail":0,"format":0,"mode":"normal","style":"","text":"","type":"text","version":1}],"direction":null,"format":"","indent":0,"type":"listitem","version":1,"checked":false,"value":1}],"direction":null,"format":"","indent":0,"type":"list","version":1,"listType":"check","start":1,"tag":"ul"},{"children":[{"detail":0,"format":0,"mode":"normal","style":"","text":"","type":"text","version":1}],"direction":null,"format":"","indent":0,"type":"heading","version":1,"tag":"h4"},{"children":[{"children":[{"detail":0,"format":0,"mode":"normal","style":"","text":"","type":"text","version":1}],"direction":null,"format":"","indent":0,"type":"listitem","version":1,"checked":false,"value":1},{"children":[{"detail":0,"format":0,"mode":"normal","style":"","text":"","type":"text","version":1}],"direction":null,"format":"","indent":0,"type":"listitem","version":1,"checked":false,"value":2},{"children":[{"detail":0,"format":0,"mode":"normal","style":"","text":"","type":"text","version":1}],"direction":null,"format":"","indent":0,"type":"listitem","version":1,"checked":false,"value":3}],"direction":null,"format":"","indent":0,"type":"list","version":1,"listType":"check","start":1,"tag":"ul"},{"children":[],"direction":null,"format":"","indent":0,"type":"paragraph","version":1,"textFormat":0,"textStyle":""},{"children":[{"detail":0,"format":0,"mode":"normal","style":"","text":"","type":"text","version":1}],"direction":null,"format":"","indent":0,"type":"heading","version":1,"tag":"h2"},{"children":[{"children":[{"detail":0,"format":0,"mode":"normal","style":"","text":"","type":"text","version":1}],"direction":null,"format":"","indent":0,"type":"listitem","version":1,"value":1},{"children":[{"detail":0,"format":0,"mode":"normal","style":"","text":"","type":"text","version":1}],"direction":null,"format":"","indent":0,"type":"listitem","version":1,"value":2},{"children":[{"detail":0,"format":0,"mode":"normal","style":"","text":"","type":"text","version":1}],"direction":null,"format":"","indent":0,"type":"listitem","version":1,"value":3},{"children":[{"detail":0,"format":0,"mode":"normal","style":"","text":"","type":"text","version":1}],"direction":null,"format":"","indent":0,"type":"listitem","version":1,"value":4}],"direction":null,"format":"","indent":0,"type":"list","version":1,"listType":"bullet","start":1,"tag":"ul"}],"direction":null,"format":"","indent":0,"type":"root","version":1}}','Découvrez la carte',35,'fr',14);
INSERT INTO "_articles_v_locales" VALUES('Release notes 19.10.25','{"root":{"children":[{"children":[{"detail":0,"format":0,"mode":"normal","style":"","text":"Kleine Updates und Verfeinerungen bei Benachrichtigungen und Artikeln.","type":"text","version":1}],"direction":null,"format":"","indent":0,"type":"paragraph","version":1,"textFormat":0,"textStyle":""}],"direction":null,"format":"","indent":0,"type":"root","version":1}}','{"root":{"children":[{"children":[{"detail":0,"format":0,"mode":"normal","style":"","text":"Was zu testen ist:","type":"text","version":1}],"direction":null,"format":"","indent":0,"type":"paragraph","version":1,"textFormat":0,"textStyle":""},{"children":[{"detail":0,"format":0,"mode":"normal","style":"","text":"Artikel","type":"text","version":1}],"direction":null,"format":"","indent":0,"type":"heading","version":1,"tag":"h4"},{"children":[{"children":[{"detail":0,"format":0,"mode":"normal","style":"","text":"Artikel enthalten Bilder über das CMS","type":"text","version":1}],"direction":null,"format":"","indent":0,"type":"listitem","version":1,"checked":false,"value":1},{"children":[{"detail":0,"format":0,"mode":"normal","style":"","text":"Artikel enthalten ausgewählte Produkte (SKU von Shopify)","type":"text","version":1}],"direction":null,"format":"","indent":0,"type":"listitem","version":1,"checked":false,"value":2},{"children":[{"detail":0,"format":0,"mode":"normal","style":"","text":"Artikel enthalten Fotos.","type":"text","version":1}],"direction":null,"format":"","indent":0,"type":"listitem","version":1,"checked":false,"value":3},{"children":[{"detail":0,"format":0,"mode":"normal","style":"","text":"Artikel-Aktionsschaltflächen werden dynamisch im CMS festgelegt.","type":"text","version":1}],"direction":null,"format":"","indent":0,"type":"listitem","version":1,"checked":false,"value":4},{"children":[],"direction":null,"format":"","indent":0,"type":"listitem","version":1,"checked":false,"value":5}],"direction":null,"format":"","indent":0,"type":"list","version":1,"listType":"check","start":1,"tag":"ul"}],"direction":null,"format":"","indent":0,"type":"root","version":1}}','Karte ansehen',36,'de',14);
INSERT INTO "_articles_v_locales" VALUES('Release notes 19.10.25','{"root":{"children":[{"children":[{"detail":0,"format":0,"mode":"normal","style":"","text":"Small updates and refinements on notifications and artcles.","type":"text","version":1}],"direction":null,"format":"","indent":0,"type":"paragraph","version":1,"textFormat":0,"textStyle":""}],"direction":null,"format":"","indent":0,"type":"root","version":1}}','{"root":{"children":[{"children":[{"detail":0,"format":0,"mode":"normal","style":"","text":"What to test:","type":"text","version":1}],"direction":null,"format":"","indent":0,"type":"paragraph","version":1,"textFormat":0,"textStyle":""},{"children":[{"detail":0,"format":0,"mode":"normal","style":"","text":"Articles","type":"text","version":1}],"direction":null,"format":"","indent":0,"type":"heading","version":1,"tag":"h4"},{"children":[{"children":[{"detail":0,"format":0,"mode":"normal","style":"","text":"Articles include images via the cms","type":"text","version":1}],"direction":null,"format":"","indent":0,"type":"listitem","version":1,"checked":false,"value":1},{"children":[{"detail":0,"format":0,"mode":"normal","style":"","text":"Articles include featured products (SKU from shopify)","type":"text","version":1}],"direction":null,"format":"","indent":0,"type":"listitem","version":1,"checked":false,"value":2},{"children":[{"detail":0,"format":0,"mode":"normal","style":"","text":"Articles include photos.","type":"text","version":1}],"direction":null,"format":"","indent":0,"type":"listitem","version":1,"checked":false,"value":3},{"children":[{"detail":0,"format":0,"mode":"normal","style":"","text":"Article action buttons are dynamically set in the cms","type":"text","version":1}],"direction":null,"format":"","indent":0,"type":"listitem","version":1,"checked":false,"value":4}],"direction":null,"format":"","indent":0,"type":"list","version":1,"listType":"check","start":1,"tag":"ul"},{"children":[{"detail":0,"format":0,"mode":"normal","style":"","text":"Notifications","type":"text","version":1}],"direction":null,"format":"","indent":0,"type":"heading","version":1,"tag":"h4"},{"children":[{"children":[{"detail":0,"format":0,"mode":"normal","style":"","text":"Push notifications working.","type":"text","version":1}],"direction":null,"format":"","indent":0,"type":"listitem","version":1,"checked":false,"value":1},{"children":[{"detail":0,"format":0,"mode":"normal","style":"","text":"in App notifications dismiss button works","type":"text","version":1}],"direction":null,"format":"","indent":0,"type":"listitem","version":1,"checked":false,"value":2},{"children":[{"detail":0,"format":0,"mode":"normal","style":"","text":"No flickering on Dismissal.","type":"text","version":1}],"direction":null,"format":"","indent":0,"type":"listitem","version":1,"checked":false,"value":3}],"direction":null,"format":"","indent":0,"type":"list","version":1,"listType":"check","start":1,"tag":"ul"},{"children":[{"detail":0,"format":0,"mode":"normal","style":"","text":"Map","type":"text","version":1}],"direction":null,"format":"","indent":0,"type":"heading","version":1,"tag":"h4"},{"children":[{"children":[{"detail":0,"format":0,"mode":"normal","style":"","text":"Quicker loading time (no longer waits for user loaction before display, we now load the map first the ''fly'' to the users notification when available).","type":"text","version":1}],"direction":null,"format":"","indent":0,"type":"listitem","version":1,"checked":false,"value":1}],"direction":null,"format":"","indent":0,"type":"list","version":1,"listType":"check","start":1,"tag":"ul"},{"children":[{"detail":0,"format":0,"mode":"normal","style":"","text":"CMS","type":"text","version":1}],"direction":null,"format":"","indent":0,"type":"heading","version":1,"tag":"h4"},{"children":[{"children":[{"detail":0,"format":0,"mode":"normal","style":"","text":"Drafts feature","type":"text","version":1}],"direction":null,"format":"","indent":0,"type":"listitem","version":1,"checked":false,"value":1},{"children":[{"detail":0,"format":0,"mode":"normal","style":"","text":"Improvements to auto translations","type":"text","version":1}],"direction":null,"format":"","indent":0,"type":"listitem","version":1,"checked":false,"value":2},{"children":[{"detail":0,"format":0,"mode":"normal","style":"","text":"General additions and refinements to content sections.","type":"text","version":1}],"direction":null,"format":"","indent":0,"type":"listitem","version":1,"checked":false,"value":3}],"direction":null,"format":"","indent":0,"type":"list","version":1,"listType":"check","start":1,"tag":"ul"},{"children":[],"direction":null,"format":"","indent":0,"type":"paragraph","version":1,"textFormat":0,"textStyle":""},{"children":[{"detail":0,"format":0,"mode":"normal","style":"","text":"Whats Next","type":"text","version":1}],"direction":null,"format":"","indent":0,"type":"heading","version":1,"tag":"h2"},{"children":[{"children":[{"detail":0,"format":0,"mode":"normal","style":"","text":"Spaces section","type":"text","version":1}],"direction":null,"format":"","indent":0,"type":"listitem","version":1,"value":1},{"children":[{"detail":0,"format":0,"mode":"normal","style":"","text":"Map dynamically loading spaces.","type":"text","version":1}],"direction":null,"format":"","indent":0,"type":"listitem","version":1,"value":2},{"children":[{"detail":0,"format":0,"mode":"normal","style":"","text":"Enhanced FTUE connected to spaces","type":"text","version":1}],"direction":null,"format":"","indent":0,"type":"listitem","version":1,"value":3},{"children":[{"detail":0,"format":0,"mode":"normal","style":"","text":"Spaces displayed on the homepage","type":"text","version":1}],"direction":null,"format":"","indent":0,"type":"listitem","version":1,"value":4}],"direction":null,"format":"","indent":0,"type":"list","version":1,"listType":"bullet","start":1,"tag":"ul"}],"direction":null,"format":"","indent":0,"type":"root","version":1}}','Check out the map',37,'en',15);
INSERT INTO "_articles_v_locales" VALUES('Notes de version 19.10.25','{"root":{"children":[{"children":[{"detail":0,"format":0,"mode":"normal","style":"","text":"Petites mises à jour et améliorations sur les notifications et les articles.","type":"text","version":1}],"direction":null,"format":"","indent":0,"type":"paragraph","version":1,"textFormat":0,"textStyle":""}],"direction":null,"format":"","indent":0,"type":"root","version":1}}','{"root":{"children":[{"children":[{"detail":0,"format":0,"mode":"normal","style":"","text":"À tester : Articles Les articles incluent des images via le cms Les articles incluent des produits vedettes (SKU de shopify) Les articles incluent des photos. Les boutons d''action des articles sont définis dynamiquement dans le cms Notifications Les notifications push fonctionnent. Le bouton de rejet des notifications dans l''application fonctionne Aucun scintillement lors du rejet. Carte Temps de chargement plus rapide (n''attend plus la localisation de l''utilisateur avant l''affichage, nous chargeons d''abord la carte puis ''volons'' vers la notification de l''utilisateur lorsqu''elle est disponible). CMS Fonction de brouillons Améliorations des traductions automatiques Ajouts généraux et améliorations des sections de contenu. Prochaines étapes Section Espaces Carte chargeant dynamiquement les espaces. FTUE amélioré connecté aux espaces Espaces affichés sur la page d''accueil","type":"text","version":1}],"direction":null,"format":"","indent":0,"type":"paragraph","version":1,"textFormat":0,"textStyle":""},{"children":[{"detail":0,"format":0,"mode":"normal","style":"","text":"","type":"text","version":1}],"direction":null,"format":"","indent":0,"type":"heading","version":1,"tag":"h4"},{"children":[{"children":[{"detail":0,"format":0,"mode":"normal","style":"","text":"","type":"text","version":1}],"direction":null,"format":"","indent":0,"type":"listitem","version":1,"checked":false,"value":1},{"children":[{"detail":0,"format":0,"mode":"normal","style":"","text":"","type":"text","version":1}],"direction":null,"format":"","indent":0,"type":"listitem","version":1,"checked":false,"value":2},{"children":[{"detail":0,"format":0,"mode":"normal","style":"","text":"","type":"text","version":1}],"direction":null,"format":"","indent":0,"type":"listitem","version":1,"checked":false,"value":3},{"children":[{"detail":0,"format":0,"mode":"normal","style":"","text":"","type":"text","version":1}],"direction":null,"format":"","indent":0,"type":"listitem","version":1,"checked":false,"value":4}],"direction":null,"format":"","indent":0,"type":"list","version":1,"listType":"check","start":1,"tag":"ul"},{"children":[{"detail":0,"format":0,"mode":"normal","style":"","text":"","type":"text","version":1}],"direction":null,"format":"","indent":0,"type":"heading","version":1,"tag":"h4"},{"children":[{"children":[{"detail":0,"format":0,"mode":"normal","style":"","text":"","type":"text","version":1}],"direction":null,"format":"","indent":0,"type":"listitem","version":1,"checked":false,"value":1},{"children":[{"detail":0,"format":0,"mode":"normal","style":"","text":"","type":"text","version":1}],"direction":null,"format":"","indent":0,"type":"listitem","version":1,"checked":false,"value":2},{"children":[{"detail":0,"format":0,"mode":"normal","style":"","text":"","type":"text","version":1}],"direction":null,"format":"","indent":0,"type":"listitem","version":1,"checked":false,"value":3}],"direction":null,"format":"","indent":0,"type":"list","version":1,"listType":"check","start":1,"tag":"ul"},{"children":[{"detail":0,"format":0,"mode":"normal","style":"","text":"","type":"text","version":1}],"direction":null,"format":"","indent":0,"type":"heading","version":1,"tag":"h4"},{"children":[{"children":[{"detail":0,"format":0,"mode":"normal","style":"","text":"","type":"text","version":1}],"direction":null,"format":"","indent":0,"type":"listitem","version":1,"checked":false,"value":1}],"direction":null,"format":"","indent":0,"type":"list","version":1,"listType":"check","start":1,"tag":"ul"},{"children":[{"detail":0,"format":0,"mode":"normal","style":"","text":"","type":"text","version":1}],"direction":null,"format":"","indent":0,"type":"heading","version":1,"tag":"h4"},{"children":[{"children":[{"detail":0,"format":0,"mode":"normal","style":"","text":"","type":"text","version":1}],"direction":null,"format":"","indent":0,"type":"listitem","version":1,"checked":false,"value":1},{"children":[{"detail":0,"format":0,"mode":"normal","style":"","text":"","type":"text","version":1}],"direction":null,"format":"","indent":0,"type":"listitem","version":1,"checked":false,"value":2},{"children":[{"detail":0,"format":0,"mode":"normal","style":"","text":"","type":"text","version":1}],"direction":null,"format":"","indent":0,"type":"listitem","version":1,"checked":false,"value":3}],"direction":null,"format":"","indent":0,"type":"list","version":1,"listType":"check","start":1,"tag":"ul"},{"children":[],"direction":null,"format":"","indent":0,"type":"paragraph","version":1,"textFormat":0,"textStyle":""},{"children":[{"detail":0,"format":0,"mode":"normal","style":"","text":"","type":"text","version":1}],"direction":null,"format":"","indent":0,"type":"heading","version":1,"tag":"h2"},{"children":[{"children":[{"detail":0,"format":0,"mode":"normal","style":"","text":"","type":"text","version":1}],"direction":null,"format":"","indent":0,"type":"listitem","version":1,"value":1},{"children":[{"detail":0,"format":0,"mode":"normal","style":"","text":"","type":"text","version":1}],"direction":null,"format":"","indent":0,"type":"listitem","version":1,"value":2},{"children":[{"detail":0,"format":0,"mode":"normal","style":"","text":"","type":"text","version":1}],"direction":null,"format":"","indent":0,"type":"listitem","version":1,"value":3},{"children":[{"detail":0,"format":0,"mode":"normal","style":"","text":"","type":"text","version":1}],"direction":null,"format":"","indent":0,"type":"listitem","version":1,"value":4}],"direction":null,"format":"","indent":0,"type":"list","version":1,"listType":"bullet","start":1,"tag":"ul"}],"direction":null,"format":"","indent":0,"type":"root","version":1}}','Découvrez la carte',38,'fr',15);
INSERT INTO "_articles_v_locales" VALUES('Release notes 19.10.25','{"root":{"children":[{"children":[{"detail":0,"format":0,"mode":"normal","style":"","text":"Kleine Updates und Verfeinerungen bei Benachrichtigungen und Artikeln.","type":"text","version":1}],"direction":null,"format":"","indent":0,"type":"paragraph","version":1,"textFormat":0,"textStyle":""}],"direction":null,"format":"","indent":0,"type":"root","version":1}}','{"root":{"children":[{"children":[{"detail":0,"format":0,"mode":"normal","style":"","text":"Articles","type":"text","version":1}],"direction":null,"format":"","indent":0,"type":"heading","version":1,"tag":"h4"},{"children":[{"children":[{"detail":0,"format":0,"mode":"normal","style":"","text":"Articles include images via the cms","type":"text","version":1}],"direction":null,"format":"","indent":0,"type":"listitem","version":1,"checked":false,"value":1},{"children":[{"detail":0,"format":0,"mode":"normal","style":"","text":"Articles include featured products (SKU from shopify)","type":"text","version":1}],"direction":null,"format":"","indent":0,"type":"listitem","version":1,"checked":false,"value":2},{"children":[{"detail":0,"format":0,"mode":"normal","style":"","text":"Articles include photos.","type":"text","version":1}],"direction":null,"format":"","indent":0,"type":"listitem","version":1,"checked":false,"value":3},{"children":[{"detail":0,"format":0,"mode":"normal","style":"","text":"Article action buttons are dynamically set in the cms","type":"text","version":1}],"direction":null,"format":"","indent":0,"type":"listitem","version":1,"checked":false,"value":4}],"direction":null,"format":"","indent":0,"type":"list","version":1,"listType":"check","start":1,"tag":"ul"},{"children":[{"detail":0,"format":0,"mode":"normal","style":"","text":"Notifications","type":"text","version":1}],"direction":null,"format":"","indent":0,"type":"heading","version":1,"tag":"h4"},{"children":[{"children":[{"detail":0,"format":0,"mode":"normal","style":"","text":"Push notifications working.","type":"text","version":1}],"direction":null,"format":"","indent":0,"type":"listitem","version":1,"checked":false,"value":1},{"children":[{"detail":0,"format":0,"mode":"normal","style":"","text":"in App notifications dismiss button works","type":"text","version":1}],"direction":null,"format":"","indent":0,"type":"listitem","version":1,"checked":false,"value":2},{"children":[{"detail":0,"format":0,"mode":"normal","style":"","text":"No flickering on Dismissal.","type":"text","version":1}],"direction":null,"format":"","indent":0,"type":"listitem","version":1,"checked":false,"value":3}],"direction":null,"format":"","indent":0,"type":"list","version":1,"listType":"check","start":1,"tag":"ul"},{"children":[{"detail":0,"format":0,"mode":"normal","style":"","text":"Map","type":"text","version":1}],"direction":null,"format":"","indent":0,"type":"heading","version":1,"tag":"h4"},{"children":[{"children":[{"detail":0,"format":0,"mode":"normal","style":"","text":"Quicker loading time (no longer waits for user loaction before display, we now load the map first the ''fly'' to the users notification when available).","type":"text","version":1}],"direction":null,"format":"","indent":0,"type":"listitem","version":1,"checked":false,"value":1}],"direction":null,"format":"","indent":0,"type":"list","version":1,"listType":"check","start":1,"tag":"ul"},{"children":[{"detail":0,"format":0,"mode":"normal","style":"","text":"CMS","type":"text","version":1}],"direction":null,"format":"","indent":0,"type":"heading","version":1,"tag":"h4"},{"children":[{"children":[{"detail":0,"format":0,"mode":"normal","style":"","text":"Drafts feature","type":"text","version":1}],"direction":null,"format":"","indent":0,"type":"listitem","version":1,"checked":false,"value":1},{"children":[{"detail":0,"format":0,"mode":"normal","style":"","text":"Improvements to auto translations","type":"text","version":1}],"direction":null,"format":"","indent":0,"type":"listitem","version":1,"checked":false,"value":2},{"children":[{"detail":0,"format":0,"mode":"normal","style":"","text":"General additions and refinements to content sections.","type":"text","version":1}],"direction":null,"format":"","indent":0,"type":"listitem","version":1,"checked":false,"value":3}],"direction":null,"format":"","indent":0,"type":"list","version":1,"listType":"check","start":1,"tag":"ul"},{"children":[],"direction":null,"format":"","indent":0,"type":"paragraph","version":1,"textFormat":0,"textStyle":""},{"children":[{"detail":0,"format":0,"mode":"normal","style":"","text":"Whats Next","type":"text","version":1}],"direction":null,"format":"","indent":0,"type":"heading","version":1,"tag":"h2"},{"children":[{"children":[{"detail":0,"format":0,"mode":"normal","style":"","text":"Spaces section","type":"text","version":1}],"direction":null,"format":"","indent":0,"type":"listitem","version":1,"value":1},{"children":[{"detail":0,"format":0,"mode":"normal","style":"","text":"Map dynamically loading spaces.","type":"text","version":1}],"direction":null,"format":"","indent":0,"type":"listitem","version":1,"value":2},{"children":[{"detail":0,"format":0,"mode":"normal","style":"","text":"Enhanced FTUE connected to spaces","type":"text","version":1}],"direction":null,"format":"","indent":0,"type":"listitem","version":1,"value":3},{"children":[{"detail":0,"format":0,"mode":"normal","style":"","text":"Spaces displayed on the homepage","type":"text","version":1}],"direction":null,"format":"","indent":0,"type":"listitem","version":1,"value":4}],"direction":null,"format":"","indent":0,"type":"list","version":1,"listType":"bullet","start":1,"tag":"ul"}],"direction":null,"format":"","indent":0,"type":"root","version":1}}','Karte ansehen',39,'de',15);
INSERT INTO "_articles_v_locales" VALUES('third article',NULL,'{"root":{"children":[{"children":[{"detail":0,"format":0,"mode":"normal","style":"","text":"The body goes here","type":"text","version":1}],"direction":null,"format":"","indent":0,"type":"paragraph","version":1,"textFormat":0,"textStyle":""},{"children":[],"direction":null,"format":"","indent":0,"type":"paragraph","version":1,"textFormat":0,"textStyle":""}],"direction":null,"format":"","indent":0,"type":"root","version":1}}',NULL,40,'en',16);
INSERT INTO "_articles_v_locales" VALUES('third article',NULL,'{"root":{"children":[{"children":[{"detail":0,"format":0,"mode":"normal","style":"","text":"The body goes here","type":"text","version":1}],"direction":null,"format":"","indent":0,"type":"paragraph","version":1,"textFormat":0,"textStyle":""},{"children":[],"direction":null,"format":"","indent":0,"type":"paragraph","version":1,"textFormat":0,"textStyle":""}],"direction":null,"format":"","indent":0,"type":"root","version":1}}',NULL,41,'en',17);
INSERT INTO "_articles_v_locales" VALUES('troisième article','""','{"root":{"children":[{"children":[{"detail":0,"format":0,"mode":"normal","style":"","text":"Le corps va ici","type":"text","version":1}],"direction":null,"format":"","indent":0,"type":"paragraph","version":1,"textFormat":0,"textStyle":""},{"children":[],"direction":null,"format":"","indent":0,"type":"paragraph","version":1,"textFormat":0,"textStyle":""}],"direction":null,"format":"","indent":0,"type":"root","version":1}}','',42,'fr',17);
INSERT INTO "_articles_v_locales" VALUES('third article',NULL,'{"root":{"children":[{"children":[{"detail":0,"format":0,"mode":"normal","style":"","text":"The body goes here","type":"text","version":1}],"direction":null,"format":"","indent":0,"type":"paragraph","version":1,"textFormat":0,"textStyle":""},{"children":[],"direction":null,"format":"","indent":0,"type":"paragraph","version":1,"textFormat":0,"textStyle":""}],"direction":null,"format":"","indent":0,"type":"root","version":1}}',NULL,43,'en',18);
INSERT INTO "_articles_v_locales" VALUES('troisième article','""','{"root":{"children":[{"children":[{"detail":0,"format":0,"mode":"normal","style":"","text":"Le corps va ici","type":"text","version":1}],"direction":null,"format":"","indent":0,"type":"paragraph","version":1,"textFormat":0,"textStyle":""},{"children":[],"direction":null,"format":"","indent":0,"type":"paragraph","version":1,"textFormat":0,"textStyle":""}],"direction":null,"format":"","indent":0,"type":"root","version":1}}','',44,'fr',18);
INSERT INTO "_articles_v_locales" VALUES('dritter Artikel','""','{"root":{"children":[{"children":[{"detail":0,"format":0,"mode":"normal","style":"","text":"Der Textkörper geht hier weiter","type":"text","version":1}],"direction":null,"format":"","indent":0,"type":"paragraph","version":1,"textFormat":0,"textStyle":""},{"children":[],"direction":null,"format":"","indent":0,"type":"paragraph","version":1,"textFormat":0,"textStyle":""}],"direction":null,"format":"","indent":0,"type":"root","version":1}}','',45,'de',18);
CREATE TABLE IF NOT EXISTS "articles_locales" (
  	`title` text,
  	`intro` text,
  	`body` text,
  	`action_button` text,
  	`id` integer PRIMARY KEY NOT NULL,
  	`_locale` text NOT NULL,
  	`_parent_id` integer NOT NULL,
  	FOREIGN KEY (`_parent_id`) REFERENCES `articles`(`id`) ON UPDATE no action ON DELETE cascade
  );
INSERT INTO "articles_locales" VALUES('Why are habitats for pollinators shrinking?',NULL,'{"root":{"children":[{"children":[{"detail":0,"format":0,"mode":"normal","style":"","text":"Green deserts are useless for wild bees","type":"text","version":1},{"type":"linebreak","version":1},{"detail":0,"format":0,"mode":"normal","style":"","text":"In agricultural areas, pesticides are one threat to wild bees. Highly toxic insecticides such as neonicotinoids can kill wild bees even in the smallest doses. Herbicides can be just as harmful. They destroy all the “weeds” that serve as a food source for local wild bee populations. Another often overlooked problem is the increasingly intensive fertilization and more frequent mowing of meadows. These are increasingly dominated by a few grass species. This is because these grasses benefit most from the excessive supply of nutrients and displace flowering plants such as dandelions, cow parsley, buttercups, and daisies. The result is green, monotonous deserts that are useless for wild bees and many other insects.","type":"text","version":1},{"type":"linebreak","version":1},{"detail":0,"format":0,"mode":"normal","style":"","text":"Less habitat in residential areas","type":"text","version":1},{"type":"linebreak","version":1},{"detail":0,"format":0,"mode":"normal","style":"","text":"Even in residential areas, where many wild bee species have been able to escape, they are under pressure. Garden owners often spray various poisons, hoe and till away “weeds,” and plant exotic plants such as hydrangeas, forsythias, and geraniums. However, their flowers are worthless to wild bees. Important microstructures such as dead wood, open patches of ground, and dry plant stems are considered ugly and untidy and are rigorously combated.","type":"text","version":1}],"direction":null,"format":"","indent":0,"type":"paragraph","version":1,"textFormat":0,"textStyle":""}],"direction":null,"format":"","indent":0,"type":"root","version":1}}',NULL,1,'en',1);
INSERT INTO "articles_locales" VALUES('Pourquoi les habitats des pollinisateurs rétrécissent-ils ?','""','{"root":{"children":[{"children":[{"detail":0,"format":0,"mode":"normal","style":"","text":"Les déserts verts sont inutiles pour les abeilles sauvages\nDans les zones agricoles, les pesticides constituent une menace pour les abeilles sauvages. Les insecticides hautement toxiques comme les néonicotinoïdes peuvent tuer les abeilles sauvages même à de très faibles doses. Les herbicides peuvent être tout aussi nocifs. Ils détruisent toutes les « mauvaises herbes » qui servent de source de nourriture pour les populations locales d''abeilles sauvages. Un autre problème souvent négligé est la fertilisation de plus en plus intensive et la tonte plus fréquente des prairies. Celles-ci sont de plus en plus dominées par quelques espèces de graminées. En effet, ces graminées profitent le plus de l''apport excessif de nutriments et déplacent les plantes à fleurs comme les pissenlits, les berces, les boutons d''or et les pâquerettes. Le résultat est des déserts verts et monotones, inutiles pour les abeilles sauvages et de nombreux autres insectes.\nMoins d''habitat dans les zones résidentielles\nMême dans les zones résidentielles, où de nombreuses espèces d''abeilles sauvages ont pu se réfugier, elles sont sous pression. Les propriétaires de jardins pulvérisent souvent divers poisons, sarclent et labourent les « mauvaises herbes », et plantent des plantes exotiques comme les hortensias, les forsythias et les géraniums. Cependant, leurs fleurs sont sans valeur pour les abeilles sauvages. Les microstructures importantes comme le bois mort, les parcelles de sol nu et les tiges de plantes sèches sont considérées comme laides et désordonnées et sont rigoureusement combattues.","type":"text","version":1},{"type":"linebreak","version":1},{"detail":0,"format":0,"mode":"normal","style":"","text":"","type":"text","version":1},{"type":"linebreak","version":1},{"detail":0,"format":0,"mode":"normal","style":"","text":"","type":"text","version":1},{"type":"linebreak","version":1},{"detail":0,"format":0,"mode":"normal","style":"","text":"","type":"text","version":1}],"direction":null,"format":"","indent":0,"type":"paragraph","version":1,"textFormat":0,"textStyle":""}],"direction":null,"format":"","indent":0,"type":"root","version":1}}',NULL,2,'fr',1);
INSERT INTO "articles_locales" VALUES('Warum schrumpfen die Lebensräume für Bestäuber?','""','{"root":{"children":[{"children":[{"detail":0,"format":0,"mode":"normal","style":"","text":"Grüne Wüsten sind für Wildbienen nutzlos\nIn landwirtschaftlichen Gebieten sind Pestizide eine Bedrohung für Wildbienen. Hochgiftige Insektizide wie Neonicotinoide können Wildbienen bereits in kleinsten Dosen töten. Herbizide können genauso schädlich sein. Sie zerstören alle „Unkräuter“, die als Nahrungsquelle für lokale Wildbienenpopulationen dienen. Ein weiteres oft übersehenes Problem ist die zunehmend intensive Düngung und häufigere Mahd von Wiesen. Diese werden zunehmend von wenigen Grasarten dominiert. Das liegt daran, dass diese Gräser am meisten von der übermäßigen Nährstoffzufuhr profitieren und blühende Pflanzen wie Löwenzahn, Wiesenkerbel, Hahnenfuß und Gänseblümchen verdrängen. Das Ergebnis sind grüne, monotone Wüsten, die für Wildbienen und viele andere Insekten nutzlos sind.\nWeniger Lebensraum in Wohngebieten\nSelbst in Wohngebieten, wo viele Wildbienenarten Zuflucht finden konnten, stehen sie unter Druck. Gartenbesitzer sprühen oft verschiedene Gifte, hacken und pflügen „Unkräuter“ weg und pflanzen exotische Pflanzen wie Hortensien, Forsythien und Geranien. Deren Blüten sind jedoch für Wildbienen wertlos. Wichtige Mikrostrukturen wie Totholz, offene Bodenstellen und trockene Pflanzenstängel gelten als hässlich und unordentlich und werden rigoros bekämpft.","type":"text","version":1},{"type":"linebreak","version":1},{"detail":0,"format":0,"mode":"normal","style":"","text":"","type":"text","version":1},{"type":"linebreak","version":1},{"detail":0,"format":0,"mode":"normal","style":"","text":"","type":"text","version":1},{"type":"linebreak","version":1},{"detail":0,"format":0,"mode":"normal","style":"","text":"","type":"text","version":1}],"direction":null,"format":"","indent":0,"type":"paragraph","version":1,"textFormat":0,"textStyle":""}],"direction":null,"format":"","indent":0,"type":"root","version":1}}',NULL,3,'de',1);
INSERT INTO "articles_locales" VALUES('Wie überwintern Wildbienen? 5 interessante Fakten zum Winterschlaf','{"root":{"children":[{"children":[{"detail":0,"format":1,"mode":"normal","style":"","text":"Draußen friert und schneit es. Wir machen es uns in den heimischen vier Wänden gemütlich und können uns in warme Decken einkuscheln. Aber wie machen das die Bienen denn eigentlich? ","type":"text","version":1},{"detail":0,"format":0,"mode":"normal","style":"","text":"Wildbienen haben wie viele andere Lebewesen ausgezeichnete Tricks gefunden, um unbeschadet in den Frühling zu starten. Wir verraten dir: ","type":"text","version":1}],"direction":null,"format":"start","indent":0,"type":"paragraph","version":1,"textFormat":1,"textStyle":""}],"direction":null,"format":"","indent":0,"type":"root","version":1,"textFormat":1}}','{"root":{"children":[{"children":[{"detail":0,"format":0,"mode":"normal","style":"","text":"5 interessante Fakten zum Winterschlaf von Wildbienen","type":"text","version":1}],"direction":null,"format":"start","indent":0,"type":"heading","version":1,"tag":"h1"},{"children":[{"detail":0,"format":0,"mode":"normal","style":"","text":"1. Mauerbienen überwintern ausgewachsen in ihren Kokons","type":"text","version":1}],"direction":null,"format":"","indent":0,"type":"heading","version":1,"tag":"h2"},{"children":[{"detail":0,"format":0,"mode":"normal","style":"","text":"Im Lauf der Jahrmillionen haben auch die Insekten Wege gefunden, um die großen Herausforderungen der kalten Jahreszeit zu überstehen und gut im Frühjahr anzukommen. Die meisten von ihnen halten eine Art Winterschlaf – entweder als Ei, Larve, Puppe oder ","type":"text","version":1},{"detail":0,"format":1,"mode":"normal","style":"","text":"als erwachsenes Tier","type":"text","version":1},{"detail":0,"format":0,"mode":"normal","style":"","text":". Letzteres gilt für die Mauerbienen ","type":"text","version":1},{"children":[{"detail":0,"format":0,"mode":"normal","style":"","text":"in deinem BeeHome","type":"text","version":1}],"direction":null,"format":"","indent":0,"type":"link","version":3,"fields":{"linkType":"custom","newTab":true,"url":"https://beehome.net/collections/beehomes"},"id":"68ef9d1eb54c667a40467d22"},{"detail":0,"format":0,"mode":"normal","style":"","text":".","type":"text","version":1}],"direction":null,"format":"start","indent":0,"type":"paragraph","version":1,"textFormat":0,"textStyle":""},{"children":[{"type":"upload","version":3,"format":"","id":"68ef9db2b54c667a40467d36","fields":{},"relationTo":"media","value":8},{"detail":0,"format":0,"mode":"normal","style":"","text":"Die Larven haben sich zwischen Frühling und Herbst in den Niströhrchen deines BeeHomes zu ausgewachsenen Wildbienen entwickelt. Viele andere Bienen überwintern als Puppen oder Larven und müssen noch ihre Metamorphose beenden während deine Mauerbienen schon ihre Umgebung bestäuben.","type":"text","version":1}],"direction":null,"format":"left","indent":0,"type":"paragraph","version":1,"textFormat":0,"textStyle":""},{"children":[{"detail":0,"format":0,"mode":"normal","style":"","text":"Schau dir in diesem Video die ","type":"text","version":1},{"detail":0,"format":1,"mode":"normal","style":"","text":"spannende Entwicklung der Gehörnten Mauerbiene","type":"text","version":1},{"detail":0,"format":0,"mode":"normal","style":"","text":" (","type":"text","version":1},{"detail":0,"format":2,"mode":"normal","style":"","text":"Osmia cornuta","type":"text","version":1},{"detail":0,"format":0,"mode":"normal","style":"","text":") an: ","type":"text","version":1}],"direction":null,"format":"start","indent":0,"type":"paragraph","version":1,"textFormat":0,"textStyle":""},{"children":[{"detail":0,"format":0,"mode":"normal","style":"","text":" ","type":"text","version":1}],"direction":null,"format":"start","indent":0,"type":"paragraph","version":1,"textFormat":0,"textStyle":""},{"children":[{"detail":0,"format":0,"mode":"normal","style":"","text":"2. Ein natürliches Frostschutzmittel verhindert, dass die Wildbienen im Winterschlaf gefrieren","type":"text","version":1}],"direction":null,"format":"start","indent":0,"type":"heading","version":1,"tag":"h2"},{"children":[{"detail":0,"format":0,"mode":"normal","style":"","text":"Im Gegensatz zu Säugetieren können Insekten ihre Körpertemperatur nicht kontrollieren und sind immer so warm oder kalt wie die Luft. Um zu verhindern, dass sie zu Eis erstarren, ","type":"text","version":1},{"detail":0,"format":1,"mode":"normal","style":"","text":"produzieren sie in ihrem Körper einfach eine Art Frostschutzmittel","type":"text","version":1},{"detail":0,"format":0,"mode":"normal","style":"","text":".","type":"text","version":1}],"direction":null,"format":"start","indent":0,"type":"paragraph","version":1,"textFormat":0,"textStyle":""},{"children":[{"type":"upload","version":3,"format":"","id":"68ef9d9fb54c667a40467d35","fields":{},"relationTo":"media","value":7}],"direction":null,"format":"left","indent":0,"type":"paragraph","version":1,"textFormat":0,"textStyle":""},{"children":[{"detail":0,"format":0,"mode":"normal","style":"","text":"Mit diesem Trick können manche Käfer aus der Arktis bis zu -80°C überleben! Deine Mauerbienen beherrschen diesen und andere Tricks natürlich auch. Mit ihren natürlichen Frostschutzmitteln verhindern sie das sie gefrieren, darum können sie auch Temperaturen bis -25°C überstehen. Auf dem Bild siehst du neun schlafende Rote Mauerbienen in ihren Kokons.","type":"text","version":1}],"direction":null,"format":"start","indent":0,"type":"paragraph","version":1,"textFormat":0,"textStyle":""},{"children":[],"direction":null,"format":"start","indent":0,"type":"heading","version":1,"tag":"h2"},{"children":[{"detail":0,"format":0,"mode":"normal","style":"","text":"3. Was essen Wildbienen im Winter?","type":"text","version":1}],"direction":null,"format":"start","indent":0,"type":"heading","version":1,"tag":"h2"},{"children":[{"detail":0,"format":0,"mode":"normal","style":"","text":"Es bleibt noch ein weiteres Problem: Was essen während des Winters? ","type":"text","version":1},{"detail":0,"format":1,"mode":"normal","style":"","text":"Die Antwort ist einfach: nichts.","type":"text","version":1},{"detail":0,"format":0,"mode":"normal","style":"","text":" Während des Winterschlafs verlangsamt sich der Stoffwechsel deiner Wildbienen und sie benötigen kaum Nahrung. Hier helfen auch die niedrigen Temperaturen. Der Stoffwechsel wird verlangsamt und der Fettvorrat hält länger. Während des Winterschlafs verlieren die Bienen 10 bis 15 % ihres Gewichts! Dies ist auch ein Grund warum du dein ","type":"text","version":1},{"detail":0,"format":1,"mode":"normal","style":"","text":"BeeHome im Winter draußen lassen","type":"text","version":1},{"detail":0,"format":0,"mode":"normal","style":"","text":" solltest. In der Wärme beschleunigt sich der Stoffwechsel wieder und die Tiere verbrauchen zu viel Energie. ","type":"text","version":1}],"direction":null,"format":"start","indent":0,"type":"paragraph","version":1,"textFormat":0,"textStyle":""},{"children":[{"type":"upload","version":3,"format":"","id":"68ef9d6cb54c667a40467d33","fields":{},"relationTo":"media","value":5}],"direction":null,"format":"start","indent":0,"type":"paragraph","version":1,"textFormat":0,"textStyle":""},{"children":[],"direction":null,"format":"","indent":0,"type":"paragraph","version":1,"textFormat":0,"textStyle":""},{"children":[{"detail":0,"format":0,"mode":"normal","style":"","text":"4. Wie lange dauert der Winterschlaf von Wildbienen? ","type":"text","version":1}],"direction":null,"format":"","indent":0,"type":"heading","version":1,"tag":"h2"},{"children":[{"type":"upload","version":3,"format":"","id":"68ef9d83b54c667a40467d34","fields":{},"relationTo":"media","value":6}],"direction":null,"format":"right","indent":0,"type":"paragraph","version":1,"textFormat":0,"textStyle":""},{"children":[{"detail":0,"format":0,"mode":"normal","style":"","text":"Deine Wildbienen müssen ","type":"text","version":1},{"detail":0,"format":1,"mode":"normal","style":"","text":"mindestens 90 Tage im Winterschlaf","type":"text","version":1},{"detail":0,"format":0,"mode":"normal","style":"","text":" sein, damit sie fit in den Frühling starten können. Zu viel Schlaf tut ihnen aber auch nicht gut, weil sie mit der Zeit ihre Fettreserven aufbrauchen. Darum ist der natürliche Zeitpunkt des Schlupfs immer abhängig von den Überwinterungstemperaturen und den Kalendertagen. So stellen die Bienen sicher, dass sie keinen Frühling verpassen und recht gleichzeitig mit den ersten Blüten erwachen. ","type":"text","version":1}],"direction":null,"format":"start","indent":0,"type":"paragraph","version":1,"textFormat":0,"textStyle":""},{"children":[{"detail":0,"format":0,"mode":"normal","style":"","text":" ","type":"text","version":1}],"direction":null,"format":"start","indent":0,"type":"paragraph","version":1,"textFormat":0,"textStyle":""},{"children":[{"detail":0,"format":0,"mode":"normal","style":"","text":"5. Kann ich die Wildbienen bei ihrer Entwicklung und dem Winterschlaf beobachten? ","type":"text","version":1}],"direction":null,"format":"start","indent":0,"type":"heading","version":1,"tag":"h2"},{"children":[{"detail":0,"format":0,"mode":"normal","style":"","text":"Unser ","type":"text","version":1},{"children":[{"detail":0,"format":0,"mode":"normal","style":"","text":"BeeHome Observer","type":"text","version":1}],"direction":null,"format":"","indent":0,"type":"link","version":3,"fields":{"linkType":"custom","newTab":true,"url":"https://beehome.net/collections/beehomes/products/beehome-observer"},"id":"68ef9d1eb54c667a40467d2b"},{"detail":0,"format":0,"mode":"normal","style":"","text":" bietet mit einer Schublade die perfekte Gelegenheit für Entdeckerinnen und Entdecker zu beobachten, wie die Wildbienen schlafen, ihre Nester bauen und wie sich ihr Nachwuchs entwickelt und verpuppt. Die Mauerbienen ","type":"text","version":1},{"detail":0,"format":1,"mode":"normal","style":"","text":"überwintern in dem handgefertigten Bienenhotel problemlos","type":"text","version":1},{"detail":0,"format":0,"mode":"normal","style":"","text":" und schlüpfen im Frühling ganz ohne dein Zutun. ","type":"text","version":1}],"direction":null,"format":"start","indent":0,"type":"paragraph","version":1,"textFormat":0,"textStyle":""},{"children":[{"detail":0,"format":0,"mode":"normal","style":"","text":"So kann es nächstes Jahr in deiner ","type":"text","version":1},{"children":[{"detail":0,"format":0,"mode":"normal","style":"","text":"BeeHome Observer","type":"text","version":1}],"direction":null,"format":"","indent":0,"type":"link","version":3,"fields":{"linkType":"custom","newTab":true,"url":"https://beehome.net/collections/beehomes/products/beehome-observer"},"id":"68ef9d1eb54c667a40467d2c"},{"detail":0,"format":0,"mode":"normal","style":"","text":" Schulabe aussehen: ","type":"text","version":1}],"direction":null,"format":"start","indent":0,"type":"paragraph","version":1,"textFormat":0,"textStyle":""},{"children":[{"type":"upload","version":3,"format":"","id":"68ef9d3eb54c667a40467d32","fields":{},"relationTo":"media","value":4}],"direction":null,"format":"start","indent":0,"type":"paragraph","version":1,"textFormat":0,"textStyle":""},{"children":[{"detail":0,"format":0,"mode":"normal","style":"","text":" ","type":"text","version":1}],"direction":null,"format":"start","indent":0,"type":"paragraph","version":1,"textFormat":0,"textStyle":""},{"children":[{"detail":0,"format":0,"mode":"normal","style":"","text":"Übrigens: Ein BeeHome ist das perfekte nachhaltige Weihnachtsgeschenk","type":"text","version":1}],"direction":null,"format":"start","indent":0,"type":"heading","version":1,"tag":"h3"},{"children":[{"detail":0,"format":0,"mode":"normal","style":"","text":"Du möchtest an Weihnachten nicht schon wieder dem Konsumrausch verfallen und Verlegenheitsgeschenke aus fernen Ländern bestellen? Das ","type":"text","version":1},{"children":[{"detail":0,"format":0,"mode":"normal","style":"","text":"BeeHome","type":"text","version":1}],"direction":null,"format":"","indent":0,"type":"link","version":3,"fields":{"linkType":"custom","newTab":true,"url":"https://beehome.net/collections/beehomes"},"id":"68ef9d1eb54c667a40467d2f"},{"detail":0,"format":0,"mode":"normal","style":"","text":" ist eine sinnvolle und nachhaltige Geschenkidee aus Deutschland: ","type":"text","version":1},{"detail":0,"format":1,"mode":"normal","style":"","text":"Lokalität, kurze Wege, Qualität und soziale Verantwortung","type":"text","version":1},{"detail":0,"format":0,"mode":"normal","style":"","text":" sind für uns selbstverständlich. Dabei ist jedes BeeHome das Ergebnis ","type":"text","version":1},{"detail":0,"format":1,"mode":"normal","style":"","text":"sorgfältiger Handarbeit","type":"text","version":1},{"detail":0,"format":0,"mode":"normal","style":"","text":". Wir verwenden nachhaltige, zertifizierte oder rezyklierbare Materialien und fertigen die BeeHomes in sozialen Werkstätten in Deutschland. Wirf'' doch mal einen ","type":"text","version":1},{"children":[{"detail":0,"format":0,"mode":"normal","style":"","text":"Blick hinter unsere Kulissen","type":"text","version":1}],"direction":null,"format":"","indent":0,"type":"link","version":3,"fields":{"linkType":"custom","newTab":true,"url":"https://www.youtube.com/watch?v=Ru6L8YSs-7E"},"id":"68ef9d1eb54c667a40467d30"},{"detail":0,"format":0,"mode":"normal","style":"","text":"! ","type":"text","version":1}],"direction":null,"format":"start","indent":0,"type":"paragraph","version":1,"textFormat":0,"textStyle":""},{"children":[{"detail":0,"format":1,"mode":"normal","style":"","text":"Tschüss, glitzernde Verlegenheitsgeschenke und ","type":"text","version":1},{"children":[{"detail":0,"format":1,"mode":"normal","style":"","text":"Hallo Wildbienen-Abenteuer","type":"text","version":1}],"direction":null,"format":"","indent":0,"type":"link","version":3,"textFormat":1,"fields":{"linkType":"custom","newTab":true,"url":"https://beehome.net/collections/beehomes"},"id":"68ef9d1eb54c667a40467d31"},{"detail":0,"format":1,"mode":"normal","style":"","text":"!","type":"text","version":1}],"direction":null,"format":"start","indent":0,"type":"paragraph","version":1,"textFormat":1,"textStyle":""},{"children":[],"direction":null,"format":"","indent":0,"type":"paragraph","version":1,"textFormat":0,"textStyle":""}],"direction":null,"format":"","indent":0,"type":"root","version":1}}',NULL,4,'de',2);
INSERT INTO "articles_locales" VALUES('🐝 So bleibt dein BeeHome gesund – Schritt für Schritt','{"root":{"children":[{"children":[{"detail":0,"format":0,"mode":"normal","style":"","text":"Dein BeeHome ist das Zuhause deiner Wildbienen – und mit ein bisschen Pflege bleibt es viele Jahre sicher und schön.","type":"text","version":1},{"type":"linebreak","version":1},{"detail":0,"format":0,"mode":"normal","style":"","text":"Feuchtigkeit, Wind und Sonne hinterlassen mit der Zeit Spuren: dunkles Holz, Schimmel oder klemmende Teile sind ganz normal.","type":"text","version":1},{"type":"linebreak","version":1},{"detail":0,"format":0,"mode":"normal","style":"","text":"Hier erfährst du, wie du dein BeeHome fit machst, ohne deine Bienen zu stören.","type":"text","version":1}],"direction":null,"format":"","indent":0,"type":"paragraph","version":1,"textFormat":0,"textStyle":""}],"direction":null,"format":"","indent":0,"type":"root","version":1}}','{"root":{"children":[{"children":[{"detail":0,"format":1,"mode":"normal","style":"","text":"🕐 Wann ist der richtige Zeitpunkt?","type":"text","version":1}],"direction":null,"format":"","indent":0,"type":"heading","version":1,"tag":"h3"},{"children":[{"detail":0,"format":0,"mode":"normal","style":"","text":"Am besten kümmerst du dich zwischen ","type":"text","version":1},{"detail":0,"format":1,"mode":"normal","style":"","text":"September und Januar","type":"text","version":1},{"detail":0,"format":0,"mode":"normal","style":"","text":" um die Pflege – dann halten die Bienen Winterschlaf und du kannst gefahrlos Hand anlegen.","type":"text","version":1}],"direction":null,"format":"","indent":0,"type":"paragraph","version":1,"textFormat":0,"textStyle":""},{"type":"horizontalrule","version":1},{"children":[{"detail":0,"format":1,"mode":"normal","style":"","text":"1. Standort prüfen","type":"text","version":1}],"direction":null,"format":"","indent":0,"type":"heading","version":1,"tag":"h3"},{"children":[{"detail":0,"format":0,"mode":"normal","style":"","text":"Wenn dein BeeHome schwarz wird oder Schimmel zeigt, steht es wahrscheinlich zu feucht oder zu schattig.","type":"text","version":1},{"type":"linebreak","version":1},{"detail":0,"format":0,"mode":"normal","style":"","text":"Achte auf:","type":"text","version":1}],"direction":null,"format":"","indent":0,"type":"paragraph","version":1,"textFormat":0,"textStyle":""},{"children":[{"children":[{"detail":0,"format":1,"mode":"normal","style":"","text":"Höhe:","type":"text","version":1},{"detail":0,"format":0,"mode":"normal","style":"","text":" Mindestens 50 cm über dem Boden","type":"text","version":1}],"direction":null,"format":"","indent":0,"type":"listitem","version":1,"textFormat":1,"value":1},{"children":[{"detail":0,"format":1,"mode":"normal","style":"","text":"Ausrichtung:","type":"text","version":1},{"detail":0,"format":0,"mode":"normal","style":"","text":" Am besten nach Osten oder Süden, mit Morgensonne","type":"text","version":1}],"direction":null,"format":"","indent":0,"type":"listitem","version":1,"textFormat":1,"value":2},{"children":[{"detail":0,"format":1,"mode":"normal","style":"","text":"Schutz:","type":"text","version":1},{"detail":0,"format":0,"mode":"normal","style":"","text":" Nicht unter Bäumen oder an feuchten Wänden","type":"text","version":1}],"direction":null,"format":"","indent":0,"type":"listitem","version":1,"textFormat":1,"value":3}],"direction":null,"format":"","indent":0,"type":"list","version":1,"listType":"bullet","start":1,"tag":"ul"},{"children":[{"detail":0,"format":0,"mode":"normal","style":"","text":"💡 ","type":"text","version":1},{"detail":0,"format":2,"mode":"normal","style":"","text":"Tipp:","type":"text","version":1},{"detail":0,"format":0,"mode":"normal","style":"","text":" Eine kleine Wetterschutzwand hilft gegen Regen und Wind.","type":"text","version":1}],"direction":null,"format":"","indent":0,"type":"paragraph","version":1,"textFormat":0,"textStyle":""},{"type":"horizontalrule","version":1},{"children":[{"detail":0,"format":1,"mode":"normal","style":"","text":"2. BeeHome öffnen","type":"text","version":1}],"direction":null,"format":"","indent":0,"type":"heading","version":1,"tag":"h3"},{"children":[{"detail":0,"format":0,"mode":"normal","style":"","text":"Je nach Modell gehst du etwas anders vor:","type":"text","version":1}],"direction":null,"format":"","indent":0,"type":"paragraph","version":1,"textFormat":0,"textStyle":""},{"children":[{"children":[{"detail":0,"format":0,"mode":"normal","style":"","text":"Beim ","type":"text","version":1},{"detail":0,"format":1,"mode":"normal","style":"","text":"BeeHome One","type":"text","version":1},{"detail":0,"format":0,"mode":"normal","style":"","text":": leicht nach hinten kippen und das Dach abziehen.","type":"text","version":1}],"direction":null,"format":"","indent":0,"type":"listitem","version":1,"value":1},{"children":[{"detail":0,"format":0,"mode":"normal","style":"","text":"Bei ","type":"text","version":1},{"detail":0,"format":1,"mode":"normal","style":"","text":"Modellen mit Seitenwänden","type":"text","version":1},{"detail":0,"format":0,"mode":"normal","style":"","text":": Dach abschrauben und Seiten vorsichtig entfernen.","type":"text","version":1}],"direction":null,"format":"","indent":0,"type":"listitem","version":1,"value":2}],"direction":null,"format":"","indent":0,"type":"list","version":1,"listType":"bullet","start":1,"tag":"ul"},{"children":[{"detail":0,"format":0,"mode":"normal","style":"","text":"Mach das behutsam – im Inneren können noch alte Brutzellen sein.","type":"text","version":1}],"direction":null,"format":"","indent":0,"type":"paragraph","version":1,"textFormat":0,"textStyle":""},{"type":"horizontalrule","version":1},{"children":[{"detail":0,"format":1,"mode":"normal","style":"","text":"3. Reinigung & Holzpflege","type":"text","version":1}],"direction":null,"format":"","indent":0,"type":"heading","version":1,"tag":"h3"},{"children":[{"detail":0,"format":0,"mode":"normal","style":"","text":"Lege das BeeHome mit der Röhrchenseite nach oben auf eine stabile Unterlage.","type":"text","version":1},{"type":"linebreak","version":1},{"detail":0,"format":0,"mode":"normal","style":"","text":"Bürste groben Schmutz ab und schleife das Holz bei Bedarf leicht in Faserrichtung an.","type":"text","version":1},{"type":"linebreak","version":1},{"detail":0,"format":0,"mode":"normal","style":"","text":"Trage anschließend ","type":"text","version":1},{"detail":0,"format":1,"mode":"normal","style":"","text":"Leinöl","type":"text","version":1},{"detail":0,"format":0,"mode":"normal","style":"","text":" in zwei Schichten auf – die erste 24 Stunden trocknen lassen.","type":"text","version":1},{"type":"linebreak","version":1},{"detail":0,"format":0,"mode":"normal","style":"","text":"So schützt du das Holz langfristig vor Feuchtigkeit und Witterung.","type":"text","version":1}],"direction":null,"format":"","indent":0,"type":"paragraph","version":1,"textFormat":0,"textStyle":""},{"children":[{"detail":0,"format":0,"mode":"normal","style":"","text":"🎥 ","type":"text","version":1},{"detail":0,"format":2,"mode":"normal","style":"","text":"Im Video zeigen wir dir jeden Schritt im Detail: BeeHome-Pflege im Herbst.","type":"text","version":1}],"direction":null,"format":"","indent":0,"type":"paragraph","version":1,"textFormat":0,"textStyle":""},{"type":"horizontalrule","version":1},{"children":[{"detail":0,"format":1,"mode":"normal","style":"","text":"4. Niströhrchen prüfen","type":"text","version":1}],"direction":null,"format":"","indent":0,"type":"heading","version":1,"tag":"h3"},{"children":[{"detail":0,"format":0,"mode":"normal","style":"","text":"Mit der Zeit sammeln sich alte Rückstände oder Parasiten in den Röhrchen.","type":"text","version":1},{"type":"linebreak","version":1},{"detail":0,"format":0,"mode":"normal","style":"","text":"Nimm alte Röhrchen vorsichtig heraus und ersetze sie bei Bedarf.","type":"text","version":1},{"type":"linebreak","version":1},{"detail":0,"format":0,"mode":"normal","style":"","text":"Leichter Schimmel an den Eingängen ist unbedenklich – du kannst ihn sanft abbürsten.","type":"text","version":1},{"type":"linebreak","version":1},{"detail":0,"format":0,"mode":"normal","style":"","text":"Wenn du neue Röhrchen einsetzt, achte darauf:","type":"text","version":1}],"direction":null,"format":"","indent":0,"type":"paragraph","version":1,"textFormat":0,"textStyle":""},{"children":[{"children":[{"detail":0,"format":0,"mode":"normal","style":"","text":"Der ","type":"text","version":1},{"detail":0,"format":1,"mode":"normal","style":"","text":"Knoten","type":"text","version":1},{"detail":0,"format":0,"mode":"normal","style":"","text":" zeigt nach hinten","type":"text","version":1}],"direction":null,"format":"","indent":0,"type":"listitem","version":1,"value":1},{"children":[{"detail":0,"format":0,"mode":"normal","style":"","text":"Die ","type":"text","version":1},{"detail":0,"format":1,"mode":"normal","style":"","text":"Eingänge","type":"text","version":1},{"detail":0,"format":0,"mode":"normal","style":"","text":" sind glatt","type":"text","version":1}],"direction":null,"format":"","indent":0,"type":"listitem","version":1,"value":2},{"children":[{"detail":0,"format":0,"mode":"normal","style":"","text":"Die Röhrchen sitzen fest und eng","type":"text","version":1}],"direction":null,"format":"","indent":0,"type":"listitem","version":1,"value":3}],"direction":null,"format":"","indent":0,"type":"list","version":1,"listType":"bullet","start":1,"tag":"ul"},{"children":[{"detail":0,"format":0,"mode":"normal","style":"","text":"🛒 Ersatzröhrchen findest du direkt in unserem Shop.","type":"text","version":1}],"direction":null,"format":"","indent":0,"type":"paragraph","version":1,"textFormat":0,"textStyle":""},{"type":"horizontalrule","version":1},{"children":[{"detail":0,"format":1,"mode":"normal","style":"","text":"5. Fortschritte markieren","type":"text","version":1}],"direction":null,"format":"","indent":0,"type":"heading","version":1,"tag":"h3"},{"children":[{"detail":0,"format":0,"mode":"normal","style":"","text":"Wenn du neu verschlossene Röhrchen entdeckst, markiere sie mit einem ","type":"text","version":1},{"detail":0,"format":1,"mode":"normal","style":"","text":"grünen Punkt","type":"text","version":1},{"detail":0,"format":0,"mode":"normal","style":"","text":" – so erkennst du jedes Jahr, welche Röhrchen belegt wurden.","type":"text","version":1},{"type":"linebreak","version":1},{"detail":0,"format":0,"mode":"normal","style":"","text":"Unser Video-Tutorial zeigt dir, wie’s geht.","type":"text","version":1}],"direction":null,"format":"","indent":0,"type":"paragraph","version":1,"textFormat":0,"textStyle":""},{"type":"horizontalrule","version":1},{"children":[{"detail":0,"format":1,"mode":"normal","style":"","text":"6. Häufige Probleme","type":"text","version":1}],"direction":null,"format":"","indent":0,"type":"heading","version":1,"tag":"h3"},{"children":[{"children":[{"detail":0,"format":1,"mode":"normal","style":"","text":"Schublade klemmt (Observer-Modell):","type":"text","version":1},{"detail":0,"format":0,"mode":"normal","style":"","text":" Holz trocknen lassen, leicht abschleifen, etwas Leinöl auftragen.","type":"text","version":1}],"direction":null,"format":"","indent":0,"type":"listitem","version":1,"textFormat":1,"value":1},{"children":[{"detail":0,"format":1,"mode":"normal","style":"","text":"Schwarzes Holz:","type":"text","version":1},{"detail":0,"format":0,"mode":"normal","style":"","text":" Standort zu feucht → höher und sonniger platzieren.","type":"text","version":1}],"direction":null,"format":"","indent":0,"type":"listitem","version":1,"textFormat":1,"value":2},{"children":[{"detail":0,"format":1,"mode":"normal","style":"","text":"Schimmel:","type":"text","version":1},{"detail":0,"format":0,"mode":"normal","style":"","text":" Standort wechseln oder eine Schutzwand anbringen.","type":"text","version":1}],"direction":null,"format":"","indent":0,"type":"listitem","version":1,"textFormat":1,"value":3}],"direction":null,"format":"","indent":0,"type":"list","version":1,"listType":"bullet","start":1,"tag":"ul"},{"type":"horizontalrule","version":1},{"children":[{"detail":0,"format":1,"mode":"normal","style":"","text":"7. Winterpause richtig machen","type":"text","version":1}],"direction":null,"format":"","indent":0,"type":"heading","version":1,"tag":"h3"},{"children":[{"detail":0,"format":0,"mode":"normal","style":"","text":"Wenn keine Bienen mehr fliegen, kannst du dein BeeHome regengeschützt stellen – aber ","type":"text","version":1},{"detail":0,"format":1,"mode":"normal","style":"","text":"nicht ins Haus holen!","type":"text","version":1},{"type":"linebreak","version":1},{"detail":0,"format":0,"mode":"normal","style":"","text":"Die natürliche Kälte ist wichtig für ihren Winterschlaf.","type":"text","version":1}],"direction":null,"format":"","indent":0,"type":"paragraph","version":1,"textFormat":0,"textStyle":""},{"type":"horizontalrule","version":1},{"children":[{"detail":0,"format":1,"mode":"normal","style":"","text":"💚 Fazit","type":"text","version":1}],"direction":null,"format":"","indent":0,"type":"heading","version":1,"tag":"h3"},{"children":[{"detail":0,"format":0,"mode":"normal","style":"","text":"Mit dieser einfachen Herbstpflege bleibt dein BeeHome stabil, sauber und sicher –","type":"text","version":1},{"type":"linebreak","version":1},{"detail":0,"format":0,"mode":"normal","style":"","text":"und deine Bienen starten gesund in den Frühling. 🌸","type":"text","version":1}],"direction":null,"format":"","indent":0,"type":"paragraph","version":1,"textFormat":0,"textStyle":""}],"direction":null,"format":"","indent":0,"type":"root","version":1,"textFormat":1}}',NULL,5,'de',3);
INSERT INTO "articles_locales" VALUES('test styling','{"root":{"children":[{"children":[{"detail":0,"format":0,"mode":"normal","style":"","text":"this is an h4this is an h3","type":"text","version":1}],"direction":null,"format":"","indent":0,"type":"heading","version":1,"tag":"h4"},{"children":[{"detail":0,"format":0,"mode":"normal","style":"","text":"","type":"text","version":1}],"direction":null,"format":"","indent":0,"type":"heading","version":1,"tag":"h3"}],"direction":null,"format":"","indent":0,"type":"root","version":1}}','{"root":{"children":[{"children":[{"detail":0,"format":0,"mode":"normal","style":"","text":"coool as icehere is a checklist","type":"text","version":1}],"direction":null,"format":"","indent":0,"type":"quote","version":1},{"type":"upload","version":3,"format":"","id":"68f0bf2b81a7ad06aceee6a0","fields":null,"relationTo":"media","value":8},{"children":[{"children":[{"detail":0,"format":0,"mode":"normal","style":"","text":"","type":"text","version":1}],"direction":null,"format":"","indent":0,"type":"listitem","version":1,"checked":false,"value":1},{"children":[{"detail":0,"format":0,"mode":"normal","style":"","text":"","type":"text","version":1}],"direction":null,"format":"","indent":0,"type":"listitem","version":1,"checked":false,"value":2}],"direction":null,"format":"","indent":0,"type":"list","version":1,"listType":"check","start":1,"tag":"ul"},{"type":"relationship","version":2,"format":"","relationTo":"space-types","value":1},{"children":[],"direction":null,"format":"","indent":0,"type":"paragraph","version":1,"textFormat":0,"textStyle":""}],"direction":null,"format":"","indent":0,"type":"root","version":1}}','',6,'en',4);
INSERT INTO "articles_locales" VALUES('test de style','{"root":{"children":[{"children":[{"detail":0,"format":0,"mode":"normal","style":"","text":"ceci est un h4ceci est un h3","type":"text","version":1}],"direction":null,"format":"","indent":0,"type":"heading","version":1,"tag":"h4"},{"children":[{"detail":0,"format":0,"mode":"normal","style":"","text":"","type":"text","version":1}],"direction":null,"format":"","indent":0,"type":"heading","version":1,"tag":"h3"}],"direction":null,"format":"","indent":0,"type":"root","version":1}}','{"root":{"children":[{"children":[{"detail":0,"format":0,"mode":"normal","style":"","text":"cool comme la glacevoici une liste de contrôle","type":"text","version":1}],"direction":null,"format":"","indent":0,"type":"quote","version":1},{"type":"upload","version":3,"format":"","id":"68f0bf2b81a7ad06aceee6a0","fields":null,"relationTo":"media","value":8},{"children":[{"children":[{"detail":0,"format":0,"mode":"normal","style":"","text":"","type":"text","version":1}],"direction":null,"format":"","indent":0,"type":"listitem","version":1,"checked":false,"value":1},{"children":[{"detail":0,"format":0,"mode":"normal","style":"","text":"","type":"text","version":1}],"direction":null,"format":"","indent":0,"type":"listitem","version":1,"checked":false,"value":2}],"direction":null,"format":"","indent":0,"type":"list","version":1,"listType":"check","start":1,"tag":"ul"},{"type":"relationship","version":2,"format":"","relationTo":"space-types","value":1},{"children":[],"direction":null,"format":"","indent":0,"type":"paragraph","version":1,"textFormat":0,"textStyle":""}],"direction":null,"format":"","indent":0,"type":"root","version":1}}','',7,'fr',4);
INSERT INTO "articles_locales" VALUES('test styling','{"root":{"children":[{"children":[{"detail":0,"format":0,"mode":"normal","style":"","text":"this is an h4","type":"text","version":1}],"direction":null,"format":"","indent":0,"type":"heading","version":1,"tag":"h4"},{"children":[{"detail":0,"format":0,"mode":"normal","style":"","text":"this is an h3","type":"text","version":1}],"direction":null,"format":"","indent":0,"type":"heading","version":1,"tag":"h3"}],"direction":null,"format":"","indent":0,"type":"root","version":1}}','{"root":{"children":[{"children":[{"detail":0,"format":0,"mode":"normal","style":"","text":"coool as ice","type":"text","version":1}],"direction":null,"format":"","indent":0,"type":"quote","version":1},{"type":"upload","version":3,"format":"","id":"68f0bf2b81a7ad06aceee6a0","fields":null,"relationTo":"media","value":8},{"children":[{"children":[{"detail":0,"format":0,"mode":"normal","style":"","text":"here is a check","type":"text","version":1}],"direction":null,"format":"","indent":0,"type":"listitem","version":1,"checked":false,"value":1},{"children":[{"detail":0,"format":0,"mode":"normal","style":"","text":"list","type":"text","version":1}],"direction":null,"format":"","indent":0,"type":"listitem","version":1,"checked":false,"value":2}],"direction":null,"format":"","indent":0,"type":"list","version":1,"listType":"check","start":1,"tag":"ul"},{"type":"relationship","version":2,"format":"","relationTo":"space-types","value":1},{"children":[],"direction":null,"format":"","indent":0,"type":"paragraph","version":1,"textFormat":0,"textStyle":""}],"direction":null,"format":"","indent":0,"type":"root","version":1}}','Action button go home',8,'de',4);
INSERT INTO "articles_locales" VALUES('Featured Products','{"root":{"children":[{"children":[{"detail":0,"format":0,"mode":"normal","style":"","text":"here is the intro","type":"text","version":1}],"direction":null,"format":"","indent":0,"type":"paragraph","version":1,"textFormat":0,"textStyle":""}],"direction":null,"format":"","indent":0,"type":"root","version":1}}','{"root":{"children":[{"children":[{"detail":0,"format":0,"mode":"normal","style":"","text":"Featuring product","type":"text","version":1}],"direction":null,"format":"","indent":0,"type":"heading","version":1,"tag":"h2"},{"type":"block","version":2,"format":"","fields":{"id":"68f21c89b0b1fc9f91020caf","skus":[{"id":"68f21c986380c91ca02dd897","sku":"reed_small"},{"id":"68f21cc96380c91ca02dd898","sku":"CH_birdprotect"}],"blockName":"","blockType":"productRecommendations"}},{"children":[],"direction":null,"format":"","indent":0,"type":"heading","version":1,"tag":"h2"},{"children":[],"direction":null,"format":"","indent":0,"type":"paragraph","version":1,"textFormat":0,"textStyle":""}],"direction":null,"format":"","indent":0,"type":"root","version":1}}','Go home',9,'en',5);
INSERT INTO "articles_locales" VALUES('Produits en Vedette','{"root":{"children":[{"children":[{"detail":0,"format":0,"mode":"normal","style":"","text":"voici l''intro","type":"text","version":1}],"direction":null,"format":"","indent":0,"type":"paragraph","version":1,"textFormat":0,"textStyle":""}],"direction":null,"format":"","indent":0,"type":"root","version":1}}','{"root":{"children":[{"children":[{"detail":0,"format":0,"mode":"normal","style":"","text":"Mettant en vedette le produit","type":"text","version":1}],"direction":null,"format":"","indent":0,"type":"heading","version":1,"tag":"h2"},{"type":"block","version":2,"format":"","fields":{"id":"68f21c89b0b1fc9f91020caf","skus":[{"id":"68f21c986380c91ca02dd897","sku":"reed_small"},{"id":"68f21cc96380c91ca02dd898","sku":"CH_birdprotect"}],"blockName":"","blockType":"productRecommendations"}},{"children":[],"direction":null,"format":"","indent":0,"type":"heading","version":1,"tag":"h2"},{"children":[],"direction":null,"format":"","indent":0,"type":"paragraph","version":1,"textFormat":0,"textStyle":""}],"direction":null,"format":"","indent":0,"type":"root","version":1}}','Aller à l''accueil',10,'fr',5);
INSERT INTO "articles_locales" VALUES('Featured Products','{"root":{"children":[{"children":[{"detail":0,"format":0,"mode":"normal","style":"","text":"here is the intro","type":"text","version":1}],"direction":null,"format":"","indent":0,"type":"paragraph","version":1,"textFormat":0,"textStyle":""}],"direction":null,"format":"","indent":0,"type":"root","version":1}}','{"root":{"children":[{"children":[{"detail":0,"format":0,"mode":"normal","style":"","text":"Featuring product","type":"text","version":1}],"direction":null,"format":"","indent":0,"type":"heading","version":1,"tag":"h2"},{"children":[{"detail":0,"format":0,"mode":"normal","style":"","text":"this is a demo of the featured products block","type":"text","version":1}],"direction":null,"format":"","indent":0,"type":"paragraph","version":1,"textFormat":0,"textStyle":""},{"type":"block","version":2,"format":"","fields":{"id":"68f21c89b0b1fc9f91020caf","skus":[{"id":"68f21c986380c91ca02dd897","sku":"reed_small"},{"id":"68f21cc96380c91ca02dd898","sku":"CH_birdprotect"}],"blockName":"","blockType":"productRecommendations"}},{"children":[{"detail":0,"format":0,"mode":"normal","style":"","text":"It can clot in anywhere.","type":"text","version":1}],"direction":null,"format":"","indent":0,"type":"heading","version":1,"tag":"h3"},{"children":[{"detail":0,"format":0,"mode":"normal","style":"","text":"Pictures work to. lets chat styling.","type":"text","version":1}],"direction":null,"format":"","indent":0,"type":"paragraph","version":1,"textFormat":0,"textStyle":""},{"type":"upload","version":3,"format":"","id":"68f3483944537012d45edd04","fields":null,"relationTo":"media","value":10},{"children":[],"direction":null,"format":"","indent":0,"type":"paragraph","version":1,"textFormat":0,"textStyle":""}],"direction":null,"format":"","indent":0,"type":"root","version":1}}','Go to my Beehomes',11,'de',5);
INSERT INTO "articles_locales" VALUES('Release notes 19.10.25','{"root":{"children":[{"children":[{"detail":0,"format":0,"mode":"normal","style":"","text":"Small updates and refinements on notifications and artcles.","type":"text","version":1}],"direction":null,"format":"","indent":0,"type":"paragraph","version":1,"textFormat":0,"textStyle":""}],"direction":null,"format":"","indent":0,"type":"root","version":1}}','{"root":{"children":[{"children":[{"detail":0,"format":0,"mode":"normal","style":"","text":"What to test:","type":"text","version":1}],"direction":null,"format":"","indent":0,"type":"paragraph","version":1,"textFormat":0,"textStyle":""},{"children":[{"detail":0,"format":0,"mode":"normal","style":"","text":"Articles","type":"text","version":1}],"direction":null,"format":"","indent":0,"type":"heading","version":1,"tag":"h4"},{"children":[{"children":[{"detail":0,"format":0,"mode":"normal","style":"","text":"Articles include images via the cms","type":"text","version":1}],"direction":null,"format":"","indent":0,"type":"listitem","version":1,"checked":false,"value":1},{"children":[{"detail":0,"format":0,"mode":"normal","style":"","text":"Articles include featured products (SKU from shopify)","type":"text","version":1}],"direction":null,"format":"","indent":0,"type":"listitem","version":1,"checked":false,"value":2},{"children":[{"detail":0,"format":0,"mode":"normal","style":"","text":"Articles include photos.","type":"text","version":1}],"direction":null,"format":"","indent":0,"type":"listitem","version":1,"checked":false,"value":3},{"children":[{"detail":0,"format":0,"mode":"normal","style":"","text":"Article action buttons are dynamically set in the cms","type":"text","version":1}],"direction":null,"format":"","indent":0,"type":"listitem","version":1,"checked":false,"value":4}],"direction":null,"format":"","indent":0,"type":"list","version":1,"listType":"check","start":1,"tag":"ul"},{"children":[{"detail":0,"format":0,"mode":"normal","style":"","text":"Notifications","type":"text","version":1}],"direction":null,"format":"","indent":0,"type":"heading","version":1,"tag":"h4"},{"children":[{"children":[{"detail":0,"format":0,"mode":"normal","style":"","text":"Push notifications working.","type":"text","version":1}],"direction":null,"format":"","indent":0,"type":"listitem","version":1,"checked":false,"value":1},{"children":[{"detail":0,"format":0,"mode":"normal","style":"","text":"in App notifications dismiss button works","type":"text","version":1}],"direction":null,"format":"","indent":0,"type":"listitem","version":1,"checked":false,"value":2},{"children":[{"detail":0,"format":0,"mode":"normal","style":"","text":"No flickering on Dismissal.","type":"text","version":1}],"direction":null,"format":"","indent":0,"type":"listitem","version":1,"checked":false,"value":3}],"direction":null,"format":"","indent":0,"type":"list","version":1,"listType":"check","start":1,"tag":"ul"},{"children":[{"detail":0,"format":0,"mode":"normal","style":"","text":"Map","type":"text","version":1}],"direction":null,"format":"","indent":0,"type":"heading","version":1,"tag":"h4"},{"children":[{"children":[{"detail":0,"format":0,"mode":"normal","style":"","text":"Quicker loading time (no longer waits for user loaction before display, we now load the map first the ''fly'' to the users notification when available).","type":"text","version":1}],"direction":null,"format":"","indent":0,"type":"listitem","version":1,"checked":false,"value":1}],"direction":null,"format":"","indent":0,"type":"list","version":1,"listType":"check","start":1,"tag":"ul"},{"children":[{"detail":0,"format":0,"mode":"normal","style":"","text":"CMS","type":"text","version":1}],"direction":null,"format":"","indent":0,"type":"heading","version":1,"tag":"h4"},{"children":[{"children":[{"detail":0,"format":0,"mode":"normal","style":"","text":"Drafts feature","type":"text","version":1}],"direction":null,"format":"","indent":0,"type":"listitem","version":1,"checked":false,"value":1},{"children":[{"detail":0,"format":0,"mode":"normal","style":"","text":"Improvements to auto translations","type":"text","version":1}],"direction":null,"format":"","indent":0,"type":"listitem","version":1,"checked":false,"value":2},{"children":[{"detail":0,"format":0,"mode":"normal","style":"","text":"General additions and refinements to content sections.","type":"text","version":1}],"direction":null,"format":"","indent":0,"type":"listitem","version":1,"checked":false,"value":3}],"direction":null,"format":"","indent":0,"type":"list","version":1,"listType":"check","start":1,"tag":"ul"},{"children":[],"direction":null,"format":"","indent":0,"type":"paragraph","version":1,"textFormat":0,"textStyle":""},{"children":[{"detail":0,"format":0,"mode":"normal","style":"","text":"Whats Next","type":"text","version":1}],"direction":null,"format":"","indent":0,"type":"heading","version":1,"tag":"h2"},{"children":[{"children":[{"detail":0,"format":0,"mode":"normal","style":"","text":"Spaces section","type":"text","version":1}],"direction":null,"format":"","indent":0,"type":"listitem","version":1,"value":1},{"children":[{"detail":0,"format":0,"mode":"normal","style":"","text":"Map dynamically loading spaces.","type":"text","version":1}],"direction":null,"format":"","indent":0,"type":"listitem","version":1,"value":2},{"children":[{"detail":0,"format":0,"mode":"normal","style":"","text":"Enhanced FTUE connected to spaces","type":"text","version":1}],"direction":null,"format":"","indent":0,"type":"listitem","version":1,"value":3},{"children":[{"detail":0,"format":0,"mode":"normal","style":"","text":"Spaces displayed on the homepage","type":"text","version":1}],"direction":null,"format":"","indent":0,"type":"listitem","version":1,"value":4}],"direction":null,"format":"","indent":0,"type":"list","version":1,"listType":"bullet","start":1,"tag":"ul"}],"direction":null,"format":"","indent":0,"type":"root","version":1}}','Check out the map',12,'en',6);
INSERT INTO "articles_locales" VALUES('Notes de version 19.10.25','{"root":{"children":[{"children":[{"detail":0,"format":0,"mode":"normal","style":"","text":"Petites mises à jour et améliorations sur les notifications et les articles.","type":"text","version":1}],"direction":null,"format":"","indent":0,"type":"paragraph","version":1,"textFormat":0,"textStyle":""}],"direction":null,"format":"","indent":0,"type":"root","version":1}}','{"root":{"children":[{"children":[{"detail":0,"format":0,"mode":"normal","style":"","text":"À tester : Articles Les articles incluent des images via le cms Les articles incluent des produits vedettes (SKU de shopify) Les articles incluent des photos. Les boutons d''action des articles sont définis dynamiquement dans le cms Notifications Les notifications push fonctionnent. Le bouton de rejet des notifications dans l''application fonctionne Aucun scintillement lors du rejet. Carte Temps de chargement plus rapide (n''attend plus la localisation de l''utilisateur avant l''affichage, nous chargeons d''abord la carte puis ''volons'' vers la notification de l''utilisateur lorsqu''elle est disponible). CMS Fonction de brouillons Améliorations des traductions automatiques Ajouts généraux et améliorations des sections de contenu. Prochaines étapes Section Espaces Carte chargeant dynamiquement les espaces. FTUE amélioré connecté aux espaces Espaces affichés sur la page d''accueil","type":"text","version":1}],"direction":null,"format":"","indent":0,"type":"paragraph","version":1,"textFormat":0,"textStyle":""},{"children":[{"detail":0,"format":0,"mode":"normal","style":"","text":"","type":"text","version":1}],"direction":null,"format":"","indent":0,"type":"heading","version":1,"tag":"h4"},{"children":[{"children":[{"detail":0,"format":0,"mode":"normal","style":"","text":"","type":"text","version":1}],"direction":null,"format":"","indent":0,"type":"listitem","version":1,"checked":false,"value":1},{"children":[{"detail":0,"format":0,"mode":"normal","style":"","text":"","type":"text","version":1}],"direction":null,"format":"","indent":0,"type":"listitem","version":1,"checked":false,"value":2},{"children":[{"detail":0,"format":0,"mode":"normal","style":"","text":"","type":"text","version":1}],"direction":null,"format":"","indent":0,"type":"listitem","version":1,"checked":false,"value":3},{"children":[{"detail":0,"format":0,"mode":"normal","style":"","text":"","type":"text","version":1}],"direction":null,"format":"","indent":0,"type":"listitem","version":1,"checked":false,"value":4}],"direction":null,"format":"","indent":0,"type":"list","version":1,"listType":"check","start":1,"tag":"ul"},{"children":[{"detail":0,"format":0,"mode":"normal","style":"","text":"","type":"text","version":1}],"direction":null,"format":"","indent":0,"type":"heading","version":1,"tag":"h4"},{"children":[{"children":[{"detail":0,"format":0,"mode":"normal","style":"","text":"","type":"text","version":1}],"direction":null,"format":"","indent":0,"type":"listitem","version":1,"checked":false,"value":1},{"children":[{"detail":0,"format":0,"mode":"normal","style":"","text":"","type":"text","version":1}],"direction":null,"format":"","indent":0,"type":"listitem","version":1,"checked":false,"value":2},{"children":[{"detail":0,"format":0,"mode":"normal","style":"","text":"","type":"text","version":1}],"direction":null,"format":"","indent":0,"type":"listitem","version":1,"checked":false,"value":3}],"direction":null,"format":"","indent":0,"type":"list","version":1,"listType":"check","start":1,"tag":"ul"},{"children":[{"detail":0,"format":0,"mode":"normal","style":"","text":"","type":"text","version":1}],"direction":null,"format":"","indent":0,"type":"heading","version":1,"tag":"h4"},{"children":[{"children":[{"detail":0,"format":0,"mode":"normal","style":"","text":"","type":"text","version":1}],"direction":null,"format":"","indent":0,"type":"listitem","version":1,"checked":false,"value":1}],"direction":null,"format":"","indent":0,"type":"list","version":1,"listType":"check","start":1,"tag":"ul"},{"children":[{"detail":0,"format":0,"mode":"normal","style":"","text":"","type":"text","version":1}],"direction":null,"format":"","indent":0,"type":"heading","version":1,"tag":"h4"},{"children":[{"children":[{"detail":0,"format":0,"mode":"normal","style":"","text":"","type":"text","version":1}],"direction":null,"format":"","indent":0,"type":"listitem","version":1,"checked":false,"value":1},{"children":[{"detail":0,"format":0,"mode":"normal","style":"","text":"","type":"text","version":1}],"direction":null,"format":"","indent":0,"type":"listitem","version":1,"checked":false,"value":2},{"children":[{"detail":0,"format":0,"mode":"normal","style":"","text":"","type":"text","version":1}],"direction":null,"format":"","indent":0,"type":"listitem","version":1,"checked":false,"value":3}],"direction":null,"format":"","indent":0,"type":"list","version":1,"listType":"check","start":1,"tag":"ul"},{"children":[],"direction":null,"format":"","indent":0,"type":"paragraph","version":1,"textFormat":0,"textStyle":""},{"children":[{"detail":0,"format":0,"mode":"normal","style":"","text":"","type":"text","version":1}],"direction":null,"format":"","indent":0,"type":"heading","version":1,"tag":"h2"},{"children":[{"children":[{"detail":0,"format":0,"mode":"normal","style":"","text":"","type":"text","version":1}],"direction":null,"format":"","indent":0,"type":"listitem","version":1,"value":1},{"children":[{"detail":0,"format":0,"mode":"normal","style":"","text":"","type":"text","version":1}],"direction":null,"format":"","indent":0,"type":"listitem","version":1,"value":2},{"children":[{"detail":0,"format":0,"mode":"normal","style":"","text":"","type":"text","version":1}],"direction":null,"format":"","indent":0,"type":"listitem","version":1,"value":3},{"children":[{"detail":0,"format":0,"mode":"normal","style":"","text":"","type":"text","version":1}],"direction":null,"format":"","indent":0,"type":"listitem","version":1,"value":4}],"direction":null,"format":"","indent":0,"type":"list","version":1,"listType":"bullet","start":1,"tag":"ul"}],"direction":null,"format":"","indent":0,"type":"root","version":1}}','Découvrez la carte',13,'fr',6);
INSERT INTO "articles_locales" VALUES('Release notes 19.10.25','{"root":{"children":[{"children":[{"detail":0,"format":0,"mode":"normal","style":"","text":"Kleine Updates und Verfeinerungen bei Benachrichtigungen und Artikeln.","type":"text","version":1}],"direction":null,"format":"","indent":0,"type":"paragraph","version":1,"textFormat":0,"textStyle":""}],"direction":null,"format":"","indent":0,"type":"root","version":1}}','{"root":{"children":[{"children":[{"detail":0,"format":0,"mode":"normal","style":"","text":"Articles","type":"text","version":1}],"direction":null,"format":"","indent":0,"type":"heading","version":1,"tag":"h4"},{"children":[{"children":[{"detail":0,"format":0,"mode":"normal","style":"","text":"Articles include images via the cms","type":"text","version":1}],"direction":null,"format":"","indent":0,"type":"listitem","version":1,"checked":false,"value":1},{"children":[{"detail":0,"format":0,"mode":"normal","style":"","text":"Articles include featured products (SKU from shopify)","type":"text","version":1}],"direction":null,"format":"","indent":0,"type":"listitem","version":1,"checked":false,"value":2},{"children":[{"detail":0,"format":0,"mode":"normal","style":"","text":"Articles include photos.","type":"text","version":1}],"direction":null,"format":"","indent":0,"type":"listitem","version":1,"checked":false,"value":3},{"children":[{"detail":0,"format":0,"mode":"normal","style":"","text":"Article action buttons are dynamically set in the cms","type":"text","version":1}],"direction":null,"format":"","indent":0,"type":"listitem","version":1,"checked":false,"value":4}],"direction":null,"format":"","indent":0,"type":"list","version":1,"listType":"check","start":1,"tag":"ul"},{"children":[{"detail":0,"format":0,"mode":"normal","style":"","text":"Notifications","type":"text","version":1}],"direction":null,"format":"","indent":0,"type":"heading","version":1,"tag":"h4"},{"children":[{"children":[{"detail":0,"format":0,"mode":"normal","style":"","text":"Push notifications working.","type":"text","version":1}],"direction":null,"format":"","indent":0,"type":"listitem","version":1,"checked":false,"value":1},{"children":[{"detail":0,"format":0,"mode":"normal","style":"","text":"in App notifications dismiss button works","type":"text","version":1}],"direction":null,"format":"","indent":0,"type":"listitem","version":1,"checked":false,"value":2},{"children":[{"detail":0,"format":0,"mode":"normal","style":"","text":"No flickering on Dismissal.","type":"text","version":1}],"direction":null,"format":"","indent":0,"type":"listitem","version":1,"checked":false,"value":3}],"direction":null,"format":"","indent":0,"type":"list","version":1,"listType":"check","start":1,"tag":"ul"},{"children":[{"detail":0,"format":0,"mode":"normal","style":"","text":"Map","type":"text","version":1}],"direction":null,"format":"","indent":0,"type":"heading","version":1,"tag":"h4"},{"children":[{"children":[{"detail":0,"format":0,"mode":"normal","style":"","text":"Quicker loading time (no longer waits for user loaction before display, we now load the map first the ''fly'' to the users notification when available).","type":"text","version":1}],"direction":null,"format":"","indent":0,"type":"listitem","version":1,"checked":false,"value":1}],"direction":null,"format":"","indent":0,"type":"list","version":1,"listType":"check","start":1,"tag":"ul"},{"children":[{"detail":0,"format":0,"mode":"normal","style":"","text":"CMS","type":"text","version":1}],"direction":null,"format":"","indent":0,"type":"heading","version":1,"tag":"h4"},{"children":[{"children":[{"detail":0,"format":0,"mode":"normal","style":"","text":"Drafts feature","type":"text","version":1}],"direction":null,"format":"","indent":0,"type":"listitem","version":1,"checked":false,"value":1},{"children":[{"detail":0,"format":0,"mode":"normal","style":"","text":"Improvements to auto translations","type":"text","version":1}],"direction":null,"format":"","indent":0,"type":"listitem","version":1,"checked":false,"value":2},{"children":[{"detail":0,"format":0,"mode":"normal","style":"","text":"General additions and refinements to content sections.","type":"text","version":1}],"direction":null,"format":"","indent":0,"type":"listitem","version":1,"checked":false,"value":3}],"direction":null,"format":"","indent":0,"type":"list","version":1,"listType":"check","start":1,"tag":"ul"},{"children":[],"direction":null,"format":"","indent":0,"type":"paragraph","version":1,"textFormat":0,"textStyle":""},{"children":[{"detail":0,"format":0,"mode":"normal","style":"","text":"Whats Next","type":"text","version":1}],"direction":null,"format":"","indent":0,"type":"heading","version":1,"tag":"h2"},{"children":[{"children":[{"detail":0,"format":0,"mode":"normal","style":"","text":"Spaces section","type":"text","version":1}],"direction":null,"format":"","indent":0,"type":"listitem","version":1,"value":1},{"children":[{"detail":0,"format":0,"mode":"normal","style":"","text":"Map dynamically loading spaces.","type":"text","version":1}],"direction":null,"format":"","indent":0,"type":"listitem","version":1,"value":2},{"children":[{"detail":0,"format":0,"mode":"normal","style":"","text":"Enhanced FTUE connected to spaces","type":"text","version":1}],"direction":null,"format":"","indent":0,"type":"listitem","version":1,"value":3},{"children":[{"detail":0,"format":0,"mode":"normal","style":"","text":"Spaces displayed on the homepage","type":"text","version":1}],"direction":null,"format":"","indent":0,"type":"listitem","version":1,"value":4}],"direction":null,"format":"","indent":0,"type":"list","version":1,"listType":"bullet","start":1,"tag":"ul"}],"direction":null,"format":"","indent":0,"type":"root","version":1}}','Karte ansehen',14,'de',6);
INSERT INTO "articles_locales" VALUES('third article',NULL,'{"root":{"children":[{"children":[{"detail":0,"format":0,"mode":"normal","style":"","text":"The body goes here","type":"text","version":1}],"direction":null,"format":"","indent":0,"type":"paragraph","version":1,"textFormat":0,"textStyle":""},{"children":[],"direction":null,"format":"","indent":0,"type":"paragraph","version":1,"textFormat":0,"textStyle":""}],"direction":null,"format":"","indent":0,"type":"root","version":1}}',NULL,15,'en',7);
INSERT INTO "articles_locales" VALUES('troisième article','""','{"root":{"children":[{"children":[{"detail":0,"format":0,"mode":"normal","style":"","text":"Le corps va ici","type":"text","version":1}],"direction":null,"format":"","indent":0,"type":"paragraph","version":1,"textFormat":0,"textStyle":""},{"children":[],"direction":null,"format":"","indent":0,"type":"paragraph","version":1,"textFormat":0,"textStyle":""}],"direction":null,"format":"","indent":0,"type":"root","version":1}}','',16,'fr',7);
INSERT INTO "articles_locales" VALUES('dritter Artikel','""','{"root":{"children":[{"children":[{"detail":0,"format":0,"mode":"normal","style":"","text":"Der Textkörper geht hier weiter","type":"text","version":1}],"direction":null,"format":"","indent":0,"type":"paragraph","version":1,"textFormat":0,"textStyle":""},{"children":[],"direction":null,"format":"","indent":0,"type":"paragraph","version":1,"textFormat":0,"textStyle":""}],"direction":null,"format":"","indent":0,"type":"root","version":1}}','',17,'de',7);
CREATE TABLE IF NOT EXISTS "in_app_notifications_locales" (
  	`title` text NOT NULL,
  	`message` text NOT NULL,
  	`action_button_text` text DEFAULT 'OK',
  	`action_button_link` text,
  	`id` integer PRIMARY KEY NOT NULL,
  	`_locale` text NOT NULL,
  	`_parent_id` integer NOT NULL,
  	FOREIGN KEY (`_parent_id`) REFERENCES `in_app_notifications`(`id`) ON UPDATE no action ON DELETE cascade
  );
INSERT INTO "in_app_notifications_locales" VALUES('Make your BeeHome winter-ready','Check now for mold, moisture, or damaged tubes. We''ll show you what you need – so everything is ready in spring.','OK','OK',1,'en',1);
INSERT INTO "in_app_notifications_locales" VALUES('Prépare ton BeeHome pour l''hiver','Vérifie maintenant la présence de moisissure, d''humidité ou de tubes endommagés. Nous te montrons ce dont tu as besoin – pour que tout soit prêt au printemps.','OK','OK',2,'fr',1);
INSERT INTO "in_app_notifications_locales" VALUES('Mach dein BeeHome  winterfit','Prüfe jetzt auf Schimmel, Feuchtigkeit oder beschädigte Röhrchen.  Wir zeigen dir, was du brauchst – damit im Frühling alles bereit ist.','Jetzt prüfen','OK',3,'de',1);
INSERT INTO "in_app_notifications_locales" VALUES('Hello Testers','New release','OK','article/release-notes-191025',4,'en',2);
INSERT INTO "in_app_notifications_locales" VALUES('Bonjour Testeurs','Nouvelle version','OK','article/release-notes-191025',5,'fr',2);
INSERT INTO "in_app_notifications_locales" VALUES('Hallo Tester','Neue Version','Release notes','article/release-notes-191025',6,'de',2);
INSERT INTO "in_app_notifications_locales" VALUES('Who moved in?','Scan your BeeHome and find out which wild bees are nesting in your BeeHome. We identify the species by the closures!','SCAN BEEHOME NOW','',7,'en',3);
INSERT INTO "in_app_notifications_locales" VALUES('Qui a emménagé chez toi ?','Scanne ton BeeHome et découvre quelles abeilles sauvages nichent chez toi. Nous reconnaissons les espèces grâce aux opercules !','SCANNER LE BEEHOME MAINTENANT','',8,'fr',3);
INSERT INTO "in_app_notifications_locales" VALUES('Wer ist bei dir eingezogen?','Scanne dein BeeHome und finde heraus, welche Wildbienen bei dir nisten. Wir erkennen die Arten anhand der Verschlüsse!','BEEHOME JETZT SCANNEN','',9,'de',3);
CREATE TABLE IF NOT EXISTS "commitments" (
  	`id` integer PRIMARY KEY NOT NULL,
  	`slug` text NOT NULL,
  	`emoji` text,
  	`impact_score` numeric DEFAULT 1,
  	`updated_at` text DEFAULT (strftime('%Y-%m-%dT%H:%M:%fZ', 'now')) NOT NULL,
  	`created_at` text DEFAULT (strftime('%Y-%m-%dT%H:%M:%fZ', 'now')) NOT NULL
  );
INSERT INTO "commitments" VALUES(2,'leaves','🍂',1,'2025-10-21T10:41:04.362Z','2025-10-21T05:16:42.130Z');
INSERT INTO "commitments" VALUES(3,'no-pesticide','☠️',1,'2025-10-21T16:57:00.055Z','2025-10-21T10:40:48.079Z');
INSERT INTO "commitments" VALUES(4,'homes','🪺',1,'2025-10-21T10:42:19.715Z','2025-10-21T10:42:14.368Z');
INSERT INTO "commitments" VALUES(5,'no-mow','🌾',1,'2025-10-21T10:43:16.598Z','2025-10-21T10:43:11.111Z');
CREATE TABLE `space_reviews` (
  	`id` integer PRIMARY KEY NOT NULL,
  	`active` integer DEFAULT true,
  	`slug` text NOT NULL,
  	`updated_at` text DEFAULT (strftime('%Y-%m-%dT%H:%M:%fZ', 'now')) NOT NULL,
  	`created_at` text DEFAULT (strftime('%Y-%m-%dT%H:%M:%fZ', 'now')) NOT NULL
  , `total_commitments` numeric);
CREATE TABLE `space_reviews_locales` (
  	`label` text NOT NULL,
  	`description` text,
  	`id` integer PRIMARY KEY NOT NULL,
  	`_locale` text NOT NULL,
  	`_parent_id` integer NOT NULL,
  	FOREIGN KEY (`_parent_id`) REFERENCES `space_reviews`(`id`) ON UPDATE no action ON DELETE cascade
  );
CREATE TABLE `space_reviews_rels` (
  	`id` integer PRIMARY KEY NOT NULL,
  	`order` integer,
  	`parent_id` integer NOT NULL,
  	`path` text NOT NULL,
  	`space_types_id` integer,
  	`commitments_id` integer,
  	FOREIGN KEY (`parent_id`) REFERENCES `space_reviews`(`id`) ON UPDATE no action ON DELETE cascade,
  	FOREIGN KEY (`space_types_id`) REFERENCES `space_types`(`id`) ON UPDATE no action ON DELETE cascade,
  	FOREIGN KEY (`commitments_id`) REFERENCES `commitments`(`id`) ON UPDATE no action ON DELETE cascade
  );
CREATE INDEX `users_sessions_order_idx` ON `users_sessions` (`_order`);
CREATE INDEX `users_sessions_parent_id_idx` ON `users_sessions` (`_parent_id`);
CREATE INDEX `users_updated_at_idx` ON `users` (`updated_at`);
CREATE INDEX `users_created_at_idx` ON `users` (`created_at`);
CREATE UNIQUE INDEX `users_email_idx` ON `users` (`email`);
CREATE INDEX `media_updated_at_idx` ON `media` (`updated_at`);
CREATE INDEX `media_created_at_idx` ON `media` (`created_at`);
CREATE UNIQUE INDEX `media_filename_idx` ON `media` (`filename`);
CREATE INDEX `push_notifications_image_idx` ON `push_notifications` (`image_id`);
CREATE INDEX `push_notifications_updated_at_idx` ON `push_notifications` (`updated_at`);
CREATE INDEX `push_notifications_created_at_idx` ON `push_notifications` (`created_at`);
CREATE UNIQUE INDEX `push_notifications_locales_locale_parent_id_unique` ON `push_notifications_locales` (`_locale`,`_parent_id`);
CREATE INDEX `space_types_updated_at_idx` ON `space_types` (`updated_at`);
CREATE INDEX `space_types_created_at_idx` ON `space_types` (`created_at`);
CREATE UNIQUE INDEX `space_types_locales_locale_parent_id_unique` ON `space_types_locales` (`_locale`,`_parent_id`);
CREATE UNIQUE INDEX `commitments_locales_locale_parent_id_unique` ON `commitments_locales` (`_locale`,`_parent_id`);
CREATE INDEX `commitments_rels_order_idx` ON `commitments_rels` (`order`);
CREATE INDEX `commitments_rels_parent_idx` ON `commitments_rels` (`parent_id`);
CREATE INDEX `commitments_rels_path_idx` ON `commitments_rels` (`path`);
CREATE INDEX `commitments_rels_space_types_id_idx` ON `commitments_rels` (`space_types_id`);
CREATE UNIQUE INDEX `articles_slug_idx` ON `articles` (`slug`);
CREATE INDEX `articles_hero_image_idx` ON `articles` (`hero_image_id`);
CREATE INDEX `articles_updated_at_idx` ON `articles` (`updated_at`);
CREATE INDEX `articles_created_at_idx` ON `articles` (`created_at`);
CREATE INDEX `in_app_notifications_image_idx` ON `in_app_notifications` (`image_id`);
CREATE INDEX `in_app_notifications_updated_at_idx` ON `in_app_notifications` (`updated_at`);
CREATE INDEX `in_app_notifications_created_at_idx` ON `in_app_notifications` (`created_at`);
CREATE INDEX `payload_locked_documents_global_slug_idx` ON `payload_locked_documents` (`global_slug`);
CREATE INDEX `payload_locked_documents_updated_at_idx` ON `payload_locked_documents` (`updated_at`);
CREATE INDEX `payload_locked_documents_created_at_idx` ON `payload_locked_documents` (`created_at`);
CREATE INDEX `payload_preferences_key_idx` ON `payload_preferences` (`key`);
CREATE INDEX `payload_preferences_updated_at_idx` ON `payload_preferences` (`updated_at`);
CREATE INDEX `payload_preferences_created_at_idx` ON `payload_preferences` (`created_at`);
CREATE INDEX `payload_preferences_rels_order_idx` ON `payload_preferences_rels` (`order`);
CREATE INDEX `payload_preferences_rels_parent_idx` ON `payload_preferences_rels` (`parent_id`);
CREATE INDEX `payload_preferences_rels_path_idx` ON `payload_preferences_rels` (`path`);
CREATE INDEX `payload_preferences_rels_users_id_idx` ON `payload_preferences_rels` (`users_id`);
CREATE INDEX `payload_migrations_updated_at_idx` ON `payload_migrations` (`updated_at`);
CREATE INDEX `payload_migrations_created_at_idx` ON `payload_migrations` (`created_at`);
CREATE INDEX `action_cards_image_idx` ON `action_cards` (`image_id`);
CREATE INDEX `action_cards_updated_at_idx` ON `action_cards` (`updated_at`);
CREATE INDEX `action_cards_created_at_idx` ON `action_cards` (`created_at`);
CREATE UNIQUE INDEX `action_cards_locales_locale_parent_id_unique` ON `action_cards_locales` (`_locale`,`_parent_id`);
CREATE INDEX `questionnaire_end_screens_order_idx` ON `questionnaire_end_screens` (`_order`);
CREATE INDEX `questionnaire_end_screens_parent_id_idx` ON `questionnaire_end_screens` (`_parent_id`);
CREATE INDEX `questionnaire_end_screens_image_idx` ON `questionnaire_end_screens` (`image_id`);
CREATE UNIQUE INDEX `questionnaire_end_screens_locales_locale_parent_id_unique` ON `questionnaire_end_screens_locales` (`_locale`,`_parent_id`);
CREATE UNIQUE INDEX `questionnaire_slug_idx` ON `questionnaire` (`slug`);
CREATE INDEX `questionnaire_updated_at_idx` ON `questionnaire` (`updated_at`);
CREATE INDEX `questionnaire_created_at_idx` ON `questionnaire` (`created_at`);
CREATE UNIQUE INDEX `questionnaire_locales_locale_parent_id_unique` ON `questionnaire_locales` (`_locale`,`_parent_id`);
CREATE INDEX `payload_locked_documents_rels_order_idx` ON `payload_locked_documents_rels` (`order`);
CREATE INDEX `payload_locked_documents_rels_parent_idx` ON `payload_locked_documents_rels` (`parent_id`);
CREATE INDEX `payload_locked_documents_rels_path_idx` ON `payload_locked_documents_rels` (`path`);
CREATE INDEX `payload_locked_documents_rels_users_id_idx` ON `payload_locked_documents_rels` (`users_id`);
CREATE INDEX `payload_locked_documents_rels_media_id_idx` ON `payload_locked_documents_rels` (`media_id`);
CREATE INDEX `payload_locked_documents_rels_push_notifications_id_idx` ON `payload_locked_documents_rels` (`push_notifications_id`);
CREATE INDEX `payload_locked_documents_rels_space_types_id_idx` ON `payload_locked_documents_rels` (`space_types_id`);
CREATE INDEX `payload_locked_documents_rels_commitments_id_idx` ON `payload_locked_documents_rels` (`commitments_id`);
CREATE INDEX `payload_locked_documents_rels_articles_id_idx` ON `payload_locked_documents_rels` (`articles_id`);
CREATE INDEX `payload_locked_documents_rels_in_app_notifications_id_idx` ON `payload_locked_documents_rels` (`in_app_notifications_id`);
CREATE INDEX `payload_locked_documents_rels_action_cards_id_idx` ON `payload_locked_documents_rels` (`action_cards_id`);
CREATE INDEX `payload_locked_documents_rels_questionnaire_id_idx` ON `payload_locked_documents_rels` (`questionnaire_id`);
CREATE INDEX `questionnaire_question_cards_options_order_idx` ON `questionnaire_question_cards_options` (`_order`);
CREATE INDEX `questionnaire_question_cards_options_parent_id_idx` ON `questionnaire_question_cards_options` (`_parent_id`);
CREATE UNIQUE INDEX `questionnaire_question_cards_options_locales_locale_parent_id_unique` ON `questionnaire_question_cards_options_locales` (`_locale`,`_parent_id`);
CREATE INDEX `questionnaire_question_cards_order_idx` ON `questionnaire_question_cards` (`_order`);
CREATE INDEX `questionnaire_question_cards_parent_id_idx` ON `questionnaire_question_cards` (`_parent_id`);
CREATE UNIQUE INDEX `questionnaire_question_cards_locales_locale_parent_id_unique` ON `questionnaire_question_cards_locales` (`_locale`,`_parent_id`);
CREATE UNIQUE INDEX `badges_slug_idx` ON `badges` (`slug`);
CREATE INDEX `badges_icon_idx` ON `badges` (`icon_id`);
CREATE INDEX `badges_page_page_image_idx` ON `badges` (`page_image_id`);
CREATE INDEX `badges_updated_at_idx` ON `badges` (`updated_at`);
CREATE INDEX `badges_created_at_idx` ON `badges` (`created_at`);
CREATE UNIQUE INDEX `badges_locales_locale_parent_id_unique` ON `badges_locales` (`_locale`,`_parent_id`);
CREATE INDEX `payload_locked_documents_rels_badges_id_idx` ON `payload_locked_documents_rels` (`badges_id`);
CREATE INDEX `_articles_v_parent_idx` ON `_articles_v` (`parent_id`);
CREATE INDEX `_articles_v_version_version_slug_idx` ON `_articles_v` (`version_slug`);
CREATE INDEX `_articles_v_version_version_hero_image_idx` ON `_articles_v` (`version_hero_image_id`);
CREATE INDEX `_articles_v_version_version_updated_at_idx` ON `_articles_v` (`version_updated_at`);
CREATE INDEX `_articles_v_version_version_created_at_idx` ON `_articles_v` (`version_created_at`);
CREATE INDEX `_articles_v_version_version__status_idx` ON `_articles_v` (`version__status`);
CREATE INDEX `_articles_v_created_at_idx` ON `_articles_v` (`created_at`);
CREATE INDEX `_articles_v_updated_at_idx` ON `_articles_v` (`updated_at`);
CREATE INDEX `_articles_v_snapshot_idx` ON `_articles_v` (`snapshot`);
CREATE INDEX `_articles_v_published_locale_idx` ON `_articles_v` (`published_locale`);
CREATE INDEX `_articles_v_latest_idx` ON `_articles_v` (`latest`);
CREATE UNIQUE INDEX `_articles_v_locales_locale_parent_id_unique` ON `_articles_v_locales` (`_locale`,`_parent_id`);
CREATE UNIQUE INDEX `articles_locales_locale_parent_id_unique` ON `articles_locales` (`_locale`,`_parent_id`);
CREATE INDEX `articles__status_idx` ON `articles` (`_status`);
CREATE UNIQUE INDEX `in_app_notifications_locales_locale_parent_id_unique` ON `in_app_notifications_locales` (`_locale`,`_parent_id`);
CREATE UNIQUE INDEX `space_types_slug_idx` ON `space_types` (`slug`);
CREATE UNIQUE INDEX `commitments_slug_idx` ON `commitments` (`slug`);
CREATE INDEX `commitments_updated_at_idx` ON `commitments` (`updated_at`);
CREATE INDEX `commitments_created_at_idx` ON `commitments` (`created_at`);
CREATE UNIQUE INDEX `space_reviews_slug_idx` ON `space_reviews` (`slug`);
CREATE INDEX `space_reviews_updated_at_idx` ON `space_reviews` (`updated_at`);
CREATE INDEX `space_reviews_created_at_idx` ON `space_reviews` (`created_at`);
CREATE UNIQUE INDEX `space_reviews_locales_locale_parent_id_unique` ON `space_reviews_locales` (`_locale`,`_parent_id`);
CREATE INDEX `space_reviews_rels_order_idx` ON `space_reviews_rels` (`order`);
CREATE INDEX `space_reviews_rels_parent_idx` ON `space_reviews_rels` (`parent_id`);
CREATE INDEX `space_reviews_rels_path_idx` ON `space_reviews_rels` (`path`);
CREATE INDEX `space_reviews_rels_space_types_id_idx` ON `space_reviews_rels` (`space_types_id`);
CREATE INDEX `space_reviews_rels_commitments_id_idx` ON `space_reviews_rels` (`commitments_id`);
CREATE INDEX `payload_locked_documents_rels_space_reviews_id_idx` ON `payload_locked_documents_rels` (`space_reviews_id`);
CREATE INDEX `space_types_default_image_idx` ON `space_types` (`default_image_id`);
